IdEvaluacion;FechaEvaluacion;IdJugador;IdPosicion;PesoBrutoKg;TallaCorporalCm;TallaSentadoCM;DiametroBiacromial;DiametroToraxTransverso;DiametroToraxAnteroPosterior;DiametroBi-iliocrestideo;DiametroHumeralBiepicondilar;DiametroFemoralBiepicondilar;PerimetroCabeza;PerimetroBrazoRelajado;PerimetroBrazoFlexionadoEnTension;PerimetroAntebrazoMaximo;PerimetroToraxMesoesternal;PerimetroCinturaMinima;PerimetroCaderaMaximo;PerimetroMusloMaximo;PerimetroMusloMedial;PerimetroPantorrillaMaxima;PlieguesTriceps;PlieguesSubescapular;PlieguesSupraespinal;PlieguesAbdominal;PlieguesMusloMedial;PlieguesPantorrilla;Bicipital;Supracrestideo;Sumatoria 6 pliegues;Sumatoria 8 pliegues;MasaPielKg;MasaPielPer;MasaAdiposaKg;MasaAdiposaPer;MasaMuscularKg;MasaMuscularPer;MasaResidualKg;MasaResidualPer;MasaOseaKg;MasaOseaPer;IMO;IAM;ObjetivoGeneral;ObjetivoEspecifico;Comentarios;;
1;3/04/2023;320;16;70.8;171.5;89;39.8;30.3;21.3;25.3;6.9;9.9;54.6;28.8;32.4;27.3;98.5;77.6;94.4;56.8;56.6;37.6;3.8;6.4;3.8;4.2;4.8;3;;;26;;3.79;0.054;10.61;0.151;38.86;0.554;9.29;0.132;7.64;0.109;5.09;0.27;;;;;
2;4/05/2023;320;16;69.5;171.5;89;39.8;30.3;21.3;25.3;6.9;9.9;54.6;28.2;32.6;26.8;96.9;76.2;95.4;56.4;56.3;37.1;3.8;6.6;3.8;4.8;4.4;3;;;26.4;;3.79;0.055;10.68;0.156;37.44;0.546;9.01;0.132;7.64;0.111;4.90;0.29;;;;;
3;10/07/2023;320;16;70.4;171.5;89;39.8;30.3;21.3;25.3;6.9;9.9;54.6;28.4;32.4;27.6;96.7;76.5;93.6;56.6;56.6;37.8;3.8;6.4;3.8;4.2;4.4;3;;;25.6;;3.79;0.055;10.54;0.152;38.15;0.551;9.10;0.131;7.64;0.111;4.99;0.28;;;;;
4;23/08/2023;320;16;69.5;171.5;89;39.8;30.3;21.3;25.3;6.9;9.9;54.6;28.3;32.6;26.9;97.8;77.8;93.6;56.2;57;37.8;3.6;6.2;3.2;4.6;4.6;2.8;;;25;;3.79;0.055;10.44;0.151;38.16;0.551;9.30;0.134;7.64;0.110;4.99;0.27;;;;;
5;5/10/2023;320;16;70.1;171.5;89;39.8;30.3;21.3;25.3;6.9;9.9;54.6;28.4;32.4;27.3;98.8;76.1;94.1;57;56.6;37.9;3.6;5.8;3.8;4.2;4;2.8;;;24.2;;3.79;0.054;10.30;0.147;39.24;0.561;9.03;0.129;7.64;0.109;5.14;0.26;;;;;
6;20/10/2023;320;16;71.0;171.5;89;39.8;30.3;21.3;25.3;6.9;9.9;54.6;28.9;32.4;26.8;98;77.6;93.4;57;57;37.9;3.6;6;3.4;3.6;3.8;2.8;;;23.2;;3.79;0.054;10.13;0.145;38.92;0.558;9.32;0.134;7.64;0.110;5.09;0.26;Mantener Composición Corporal;0;El jugador mantiene una adecuada composición;;
7;29/03/2023;315;18;82.5;182.7;94.9;43.4;32.8;20.3;29.8;7.1;10.2;55.6;32.6;36.9;28.1;104.3;84.2;99.4;59.7;59;39.3;4;6.2;4.4;6.6;4.8;3;;;29;;4.20;0.050;13.08;0.154;46.57;0.549;11.04;0.130;9.89;0.117;4.71;0.28;;;;;
8;3/05/2023;315;18;83.4;182.7;94.9;43.4;32.8;20.3;29.8;7.1;10.2;55.6;33.4;37.5;27.9;104.6;83.8;99.1;59.9;59.3;39.3;3.8;6;4.2;4.8;4.6;2.8;;;26.2;;4.20;0.050;12.53;0.148;47.18;0.556;11.07;0.130;9.89;0.117;4.77;0.27;;;;;
9;12/06/2023;315;18;83.0;182.7;94.9;43.4;32.8;20.3;29.8;7.1;10.2;55.6;32.9;37.2;27.7;104.9;84;99.4;60;59.5;39.4;3.6;6.4;4.8;5.8;5;2.4;;;28;;4.20;0.049;12.88;0.151;47.07;0.553;11.05;0.130;9.89;0.116;4.76;0.27;;;;;
10;10/07/2023;315;18;81.6;182.7;94.9;43.4;32.8;20.3;29.8;7.1;10.2;55.6;32.8;37.4;27.6;104.3;83.6;97.3;59.4;59.4;38.8;3.2;6.2;4.2;5.2;4.8;2.8;;;26.4;;4.20;0.050;12.57;0.150;46.22;0.551;11.01;0.131;9.89;0.118;4.67;0.27;;;;;
11;23/08/2023;315;18;82.4;182.7;94.9;43.4;32.8;20.3;29.8;7.1;10.2;55.6;33.6;37.1;28;104.8;83.2;97.6;60;59.4;39.2;3.6;6.4;4.6;5.8;4.4;3;;;27.8;;4.20;0.049;12.84;0.151;47.38;0.556;10.89;0.128;9.89;0.116;4.79;0.27;;;;;
12;28/09/2023;315;18;82.8;182.7;94.9;43.4;32.8;20.3;29.8;7.1;10.2;55.6;33.4;36.8;27.6;105.4;84.6;98;60;59.5;39.4;3.6;6.4;4.4;5.8;4.8;3.2;;;28.2;;4.20;0.049;12.92;0.151;47.39;0.554;11.16;0.131;9.89;0.116;4.79;0.27;;;;;
13;18/10/2023;315;18;82.7;182.7;94.9;43.4;32.8;20.3;29.8;7.1;10.2;55.6;33.4;37.1;27.4;106.7;84.5;98.1;59.8;59.6;39.2;3.6;6;3.8;5;4.8;3;;;26.2;;4.20;0.049;12.53;0.146;47.79;0.558;11.19;0.131;9.89;0.116;4.83;0.26;;;;;
14;25/10/2023;315;18;81.4;182.7;94.9;43.4;32.8;20.3;29.8;7.1;10.2;55.6;32.6;36.7;27.6;106.2;82.9;98.2;59.3;59.3;39.1;3.6;6;3.8;4.6;4.6;3;;;25.6;;4.20;0.050;12.42;0.146;47.48;0.559;10.91;0.129;9.89;0.117;4.80;0.26;Mantener Composición Corporal;0;El jugador mantiene una óptima composición;;
15;17/03/2023;321;17;70.2;171;83.8;39.1;25.6;22.6;27.3;7.3;10.1;55.6;30.6;33.3;26.6;96;79.8;97.6;57.1;54.3;35.4;8.6;9.8;8.4;15.4;13;5;;;60.2;;3.74;0.052;16.33;0.227;35.20;0.490;8.17;0.114;8.42;0.117;4.18;0.46;;;;;
16;28/04/2023;321;17;69.8;171;83.8;39.1;25.6;22.6;27.3;7.3;10.1;55.6;29.8;32.9;26.7;96;77.8;96.7;56.9;55;35.6;8.4;9.6;9;14;12;4.2;;;57.2;;3.74;0.053;15.82;0.223;35.19;0.495;7.93;0.112;8.42;0.118;4.18;0.45;;;;;
17;20/06/2023;321;17;69.7;171;83.8;39.1;25.6;22.6;27.3;7.3;10.1;55.6;29.6;32.8;26.4;94.8;78.6;96.8;56.1;54.6;35.3;8;9.4;9.2;12;10.8;4.6;;;54;;3.74;0.054;15.28;0.219;34.26;0.491;8.15;0.117;8.42;0.121;4.07;0.45;;;;;
18;10/07/2023;321;17;69.8;171;83.8;39.1;25.6;22.6;27.3;7.3;10.1;55.6;29.8;32.8;26.8;95.4;78.6;96.3;56.7;55.1;35.6;8;9.4;9;11.6;9.6;4.2;;;51.8;;3.74;0.053;14.91;0.211;35.29;0.500;8.17;0.116;8.42;0.119;4.19;0.42;;;;;
19;16/08/2023;321;17;69.3;171;83.8;39.1;25.6;22.6;27.3;7.3;10.1;55.6;30.6;32.6;26.7;94.7;78.8;96.1;56.2;54.6;35.4;7.2;9;10;11;9.8;4;;;51;;3.74;0.053;14.77;0.210;35.16;0.500;8.23;0.117;8.42;0.120;4.18;0.42;;;;;
20;20/10/2023;321;17;69.1;171;83.8;39.1;25.6;22.6;27.3;7.3;10.1;55.6;29.9;33.2;26.7;93.8;75.2;95.6;56.3;54.3;35.4;7.2;8;9.2;9.2;9;4;;;46.6;;3.74;0.054;14.02;0.204;34.79;0.506;7.77;0.113;8.42;0.122;4.13;0.40;Aumentar Masa Muscular;500;Se debe disminuir el porcentaje de tejido adiposo.;;
21;29/03/2023;299;1;87.8;187.3;97.3;44.3;31.8;20.7;30.7;7.3;10.5;56.6;33.6;37.7;30.4;103.3;85.1;101.2;61.4;57.7;36.1;9.4;11;9.6;19.6;9.8;5;;;64.4;;4.42;0.048;21.15;0.231;44.89;0.490;10.42;0.114;10.75;0.117;4.18;0.47;;;;;
22;19/05/2023;299;1;88.8;187.3;97.3;44.3;31.8;20.7;30.7;7.3;10.5;56.6;34;38.3;30.6;104.4;86;102.1;61.3;59.8;36;10;11;11;18;7.2;5;;;62.2;;4.42;0.048;20.70;0.224;45.91;0.496;10.71;0.116;10.75;0.116;4.27;0.45;;;;;
23;23/06/2023;299;1;88.5;187.3;97.3;44.3;31.8;20.7;30.7;7.3;10.5;56.6;33.8;38.2;30.6;104.6;84.6;102.2;60.2;58.8;35.9;9.8;9.8;9.4;15.4;7;5;;;56.4;;4.42;0.049;19.52;0.215;45.57;0.502;10.59;0.117;10.75;0.118;4.24;0.43;;;;;
24;26/07/2023;299;1;89.3;187.3;97.3;44.3;31.8;20.7;30.7;7.3;10.5;56.6;34.3;37.9;30.4;104;85.4;102.6;60.9;59.4;35.9;10;10;9.8;15.4;7.4;5.4;;;58;;4.42;0.048;19.85;0.217;45.58;0.499;10.75;0.118;10.75;0.118;4.24;0.44;;;;;
25;31/08/2023;299;1;90.5;187.3;97.3;44.3;31.8;20.7;30.7;7.3;10.5;56.6;34.2;37.9;30.8;104.6;87.5;103.1;60.9;59.9;36.4;10.4;10.6;9.2;18.2;8;5.4;;;61.8;;4.42;0.048;20.62;0.222;46.01;0.496;11.00;0.119;10.75;0.116;4.28;0.45;;;;;
26;13/09/2023;299;1;90.0;187.3;97.3;44.3;31.8;20.7;30.7;7.3;10.5;56.6;34.5;38.3;30.6;105.8;86.6;103.2;61.8;59.9;36;10.2;10.2;8.8;16.6;7.2;4.2;;;57.2;;4.42;0.048;19.68;0.212;47.26;0.508;10.92;0.117;10.75;0.116;4.40;0.42;;;;;
27;18/10/2023;299;1;88.0;187.3;97.3;44.3;31.8;20.7;30.7;7.3;10.5;56.6;34.1;38.3;30.6;106.2;84.4;101.4;60.9;58.8;35.9;9.2;10;9.2;15.8;7.4;4.4;;;56;;4.42;0.048;19.44;0.211;46.90;0.510;10.52;0.114;10.75;0.117;4.36;0.41;Disminuir Masa Adiposa;1000;Se debe disminuir la masa adiposa del jugador. Obj Final: -3 Kg;;
28;17/03/2023;310;1;77.9;181;96.2;41.4;29.6;21.9;30.2;7.3;10.3;56.5;31.5;34.3;27.6;95.3;78.4;98.6;60.5;59.7;38.9;7.6;5.8;5.6;8;9.2;3.4;;;39.6;;4.06;0.052;14.78;0.187;40.70;0.516;9.55;0.121;9.79;0.124;4.16;0.36;;;;;
29;28/04/2023;310;1;80.6;181;96.2;41.4;29.6;21.9;30.2;7.3;10.3;56.5;31.7;34.5;28.4;96.4;80.3;100.6;60.4;60.8;39.2;7;6.8;6.4;8.8;9;3.2;;;41.2;;4.06;0.051;15.09;0.187;41.72;0.518;9.88;0.123;9.79;0.122;4.26;0.36;;;;;
30;20/06/2023;310;1;80.7;181;96.2;41.4;29.6;21.9;30.2;7.3;10.3;56.5;32.6;35.4;28.6;98.4;80.8;100.8;60.6;59.6;39.4;7.8;6.2;8;8.8;10;3.2;;;44;;4.06;0.049;15.62;0.189;43.11;0.522;9.99;0.121;9.79;0.119;4.40;0.36;;;;;
31;26/07/2023;310;1;80.7;181;96.2;41.4;29.6;21.9;30.2;7.3;10.3;56.5;32.5;35.8;28.7;99.1;80.9;101.4;61.3;60.3;39.3;6.4;6;7.8;10.2;10.2;3.4;;;44;;4.06;0.049;15.62;0.188;43.86;0.527;9.92;0.119;9.79;0.118;4.48;0.36;;;;;
32;16/08/2023;310;1;79.5;181;96.2;41.4;29.6;21.9;30.2;7.3;10.3;56.5;32.2;35.6;28.4;99.4;79.3;101.5;61.3;60.9;39.4;6.6;5.8;7.4;9.2;10;3;;;42;;4.06;0.049;15.24;0.184;43.85;0.531;9.66;0.117;9.79;0.119;4.48;0.35;;;;;
33;28/09/2023;310;1;78.0;181;96.2;41.4;29.6;21.9;30.2;7.3;10.3;56.5;31.6;35.4;28.6;100.8;79.4;98.2;59.4;59.8;39.4;7;5.4;6.2;6.4;8.4;3.2;;;36.6;;4.06;0.050;14.21;0.174;43.65;0.535;9.86;0.121;9.79;0.120;4.46;0.33;;;;;
34;19/10/2023;310;1;76.5;181;96.2;41.4;29.6;21.9;30.2;7.3;10.3;56.5;31.6;34.9;28.3;97.4;79.3;97.9;59.1;58.8;39.3;6.2;5.4;5.4;5.8;7.6;3;;;33.4;;4.06;0.051;13.60;0.171;42.08;0.530;9.87;0.124;9.79;0.123;4.30;0.32;Mantener Composición Corporal;0;El jugador mantiene una buena composición.;;
35;17/03/2023;300;18;75.1;178;93.7;41.3;28.5;20.9;26.4;7.5;10.4;56.2;31;32.8;27.4;95.4;73.9;98.2;57.7;57.6;37.8;8.2;9.4;9.2;12.2;9.4;5.4;;;53.8;;3.98;0.053;16.79;0.223;37.66;0.500;7.95;0.106;8.91;0.118;4.23;0.45;;;;;
36;17/05/2023;300;18;76.2;178;93.7;41.3;28.5;20.9;26.4;7.5;10.4;56.2;31.2;33.8;27.6;96.7;74.4;97.6;57.9;57.3;38.4;7;8.8;8.4;10.4;10;5.4;;;50;;3.98;0.052;16.09;0.212;38.90;0.512;8.15;0.107;8.91;0.117;4.37;0.41;;;;;
37;12/06/2023;300;18;75.5;178;93.7;41.3;28.5;20.9;26.4;7.5;10.4;56.2;30.8;33.8;27.6;96.7;75.8;98.4;57.4;55.6;38.3;8.4;8.6;8.2;12.4;11;5.6;;;54.2;;3.98;0.052;16.87;0.221;38.15;0.501;8.30;0.109;8.91;0.117;4.28;0.44;;;;;
38;10/07/2023;300;18;77.7;178;93.7;41.3;28.5;20.9;26.4;7.5;10.4;56.2;31.2;33.7;27.8;97.6;76.3;98.3;57.8;56.8;38.4;7.8;8.2;9.2;13;10.6;5.6;;;54.4;;3.98;0.052;16.90;0.219;39.19;0.507;8.36;0.108;8.91;0.115;4.40;0.43;;;;;
39;11/08/2023;300;18;76.6;178;93.7;41.3;28.5;20.9;26.4;7.5;10.4;56.2;31.3;33.7;27.7;97.4;74.4;99.1;57.9;56.8;37.9;7.6;8.4;8.8;12.8;9;5;;;51.6;;3.98;0.052;16.39;0.214;39.23;0.513;8.01;0.105;8.91;0.117;4.40;0.42;;;;;
40;27/09/2023;300;18;76.4;178;93.7;41.3;28.5;20.9;26.4;7.5;10.4;56.2;30.9;33.4;27.9;98.6;75.4;99.4;58.4;57.6;37.9;7.2;8.2;8.6;11.2;10;5;;;50.2;;3.98;0.052;16.13;0.209;39.82;0.516;8.30;0.108;8.91;0.116;4.47;0.41;;;;;
41;19/10/2023;300;18;75.1;178;93.7;41.3;28.5;20.9;26.4;7.5;10.4;56.2;31.1;33.4;27.6;97.8;73.6;98.1;56.9;56.6;37.7;7.2;9;9.2;13;10.6;5.6;;;54.6;;3.98;0.052;16.94;0.223;38.44;0.505;7.85;0.103;8.91;0.117;4.31;0.44;Disminuir Masa Adiposa;1000;Se debe disminuir el porcentaje de t. adiposo. Obj final -2 Kg;;
42;24/03/2023;309;17;70.1;182.8;96.1;39.9;28.8;22.6;27.1;7.2;9.8;53.8;29.7;33.1;26.2;93.8;74.7;96.4;54;53.6;35.7;5.4;8.2;6;8;6.4;4.2;;;38.2;;3.97;0.057;14.88;0.213;34.55;0.494;8.79;0.126;7.72;0.110;4.47;0.43;;;;;
43;17/05/2023;309;17;69.5;182.8;96.1;39.9;28.8;22.6;27.1;7.2;9.8;53.8;29.2;32.6;25.9;92.6;74.5;95.9;53.2;52.3;35.4;5.4;7.6;5;7.8;6.6;4;;;36.4;;3.97;0.058;14.53;0.213;33.23;0.487;8.76;0.129;7.72;0.113;4.30;0.44;;;;;
44;14/06/2023;309;17;69.5;182.8;96.1;39.9;28.8;22.6;27.1;7.2;9.8;53.8;29.6;32.6;25.9;92.6;75.5;95.9;53.2;52.3;36.4;5.4;7.6;5;7.8;6.6;4;;;36.4;;3.97;0.058;14.53;0.210;33.86;0.490;8.96;0.130;7.72;0.112;4.39;0.43;;;;;
45;19/07/2023;309;17;71.3;182.8;96.1;39.9;28.8;22.6;27.1;7.2;9.8;53.8;29.2;32.8;26.2;92.4;75.9;96.6;54;53.3;35.9;5.6;7.6;6.4;9;6.1;4.4;;;39.1;;3.97;0.057;15.05;0.216;33.85;0.487;8.97;0.129;7.72;0.111;4.38;0.44;Aumentar Masa Muscular;1000;El porcentaje de t. adiposo puede elevarse como consecuencia de una m muscular dimisnuída en relación al peso corporal total;;
46;28/03/2023;303;16;72.3;179.5;93.3;41.3;29.3;20.7;26.8;7.2;10;55.2;28.1;31.9;25.6;95.3;79.1;97.6;55.8;55.6;37.2;6.8;7.2;7.6;7.6;7.2;4;;;40.4;;3.99;0.055;14.63;0.203;35.54;0.494;9.31;0.130;8.46;0.118;4.20;0.41;;;;;
47;19/05/2023;303;16;73.3;179.5;93.3;41.3;29.3;20.7;26.8;7.2;10;55.2;29.1;31.9;25.8;96;77.8;97.8;57.6;56;37.2;7;7;8;9;7.2;4.2;;;42.4;;3.99;0.054;15.00;0.204;37.13;0.505;8.98;0.122;8.46;0.115;4.39;0.40;;;;;
48;9/06/2023;303;16;74.2;179.5;93.3;41.3;29.3;20.7;26.8;7.2;10;55.2;29.3;32.6;25.8;96.4;79.1;97.3;57.6;55.2;37.1;8;7.4;8.2;9.4;7;4;;;44;;3.99;0.054;15.30;0.206;37.21;0.502;9.21;0.124;8.46;0.114;4.40;0.41;;;;;
49;26/07/2023;303;16;73.4;179.5;93.3;41.3;29.3;20.7;26.8;7.2;10;55.2;28.7;32.6;25.9;97.1;77.4;97.4;56.9;55.4;37.4;8;7.2;8.2;8.8;7.2;4;;;43.4;;3.99;0.054;15.19;0.206;37.12;0.504;8.92;0.121;8.46;0.115;4.39;0.41;;;;;
50;16/08/2023;303;16;74.0;179.5;93.3;41.3;29.3;20.7;26.8;7.2;10;55.2;28.4;32.7;26;97.9;78;97.6;57;55.7;37.3;7.2;7;9;9.8;7;4;;;44;;3.99;0.054;15.30;0.206;37.55;0.506;8.98;0.121;8.46;0.114;4.44;0.41;;;;;
51;19/10/2023;303;16;74.2;179.5;93.3;41.3;29.3;20.7;26.8;7.2;10;55.2;28.8;32.5;25.9;96.9;81.4;98.1;56.8;55.6;36.9;8;7.8;8.8;10.4;8;4.2;;;47.2;;3.99;0.054;15.90;0.213;36.60;0.491;9.58;0.129;8.46;0.114;4.33;0.43;Disminuir Masa Adiposa;1500;El porcentaje de t adiposo puede elevarse como consecuencia de una m muscular dimisnuída. Obj final +2 Kg m. muscular;;
52;29/03/2023;316;16;71.8;177.2;92.2;39.3;28.4;20.7;26.8;7.2;10;56.5;30.5;33.4;25.6;92.9;75.6;96.4;55.9;55.4;36.4;6.2;8.4;10.2;16.4;6.8;5.4;;;53.4;;3.93;0.055;16.54;0.231;34.96;0.489;7.94;0.111;8.16;0.114;4.28;0.47;;;;;
53;3/05/2023;316;16;72.0;177.2;92.2;39.3;28.4;20.7;26.8;7.2;10;56.5;30.3;33.4;26.2;92.9;75.2;95.7;56.3;56;36.7;6.2;8.4;8.4;14.8;6.6;4.6;;;49;;3.93;0.055;15.74;0.221;35.56;0.498;7.96;0.112;8.16;0.114;4.36;0.44;;;;;
54;12/06/2023;316;16;74.6;177.2;92.2;39.3;28.4;20.7;26.8;7.2;10;56.5;31.2;34.3;26.4;93.6;77.4;96;57.1;56.5;36.6;7.2;8.8;10.8;12.8;8.8;4.4;;;52.8;;3.93;0.054;16.43;0.225;36.17;0.494;8.48;0.116;8.16;0.112;4.43;0.45;;;;;
55;18/07/2023;316;16;74.3;177.2;92.2;39.3;28.4;20.7;26.8;7.2;10;56.5;31.4;34.3;26;94.2;76.9;96.8;57.4;55.9;36.4;7;8.6;9.8;16.4;7.2;5;;;54;;3.93;0.054;16.65;0.227;36.57;0.498;8.18;0.111;8.16;0.111;4.48;0.46;;;;;
56;23/08/2023;316;16;74.5;177.2;92.2;39.3;28.4;20.7;26.8;7.2;10;56.5;31.1;34.5;26.2;94.3;77;96.6;57.7;55.9;36.5;6.8;8.6;10.2;18;7;5;;;55.6;;3.93;0.053;16.94;0.229;36.79;0.498;8.11;0.110;8.16;0.110;4.51;0.46;;;;;
57;29/09/2023;316;16;73.9;177.2;92.2;39.3;28.4;20.7;26.8;7.2;10;56.5;31;34.4;26.3;96.1;75.2;96.4;58.5;57.6;36.4;7;8.2;9.2;18;6.6;4.2;;;53.2;;3.93;0.053;16.50;0.222;38.05;0.511;7.78;0.105;8.16;0.110;4.66;0.43;;;;;
58;18/10/2023;316;16;73.3;177.2;92.2;39.3;28.4;20.7;26.8;7.2;10;56.5;30.6;34.6;25.9;95.6;76.3;96.3;57.3;56.6;36.6;6.6;8.4;9.2;18;6.6;4.4;;;53.2;;3.93;0.053;16.50;0.224;37.07;0.503;7.98;0.108;8.16;0.111;4.54;0.45;Disminuir Masa Adiposa;500;Se debe disminuir el porcentaje de t. adiposo. Obj final: - 2 Kg;;
59;24/03/2023;324;16;73.4;174.5;93.8;39.8;31;20.2;28.4;7;10;56.6;31.4;33.8;27.8;101.2;78.2;96.4;57.2;55.8;35.8;4.8;7.2;5.8;5.8;5.2;4;;;32.8;;3.86;0.052;12.30;0.164;40.58;0.541;9.50;0.127;8.71;0.116;4.66;0.30;;;;;
60;19/05/2023;324;16;72.3;174.5;93.8;39.8;31;20.2;28.4;7;10;56.6;32.2;33.7;28.4;101.8;78.4;95.8;57.4;56;35.8;4.2;8;5;5.4;5.4;3.8;;;31.8;;3.86;0.051;12.12;0.160;41.46;0.548;9.56;0.126;8.71;0.115;4.76;0.29;Mantener Composición Corporal;0;El jugador mantiene una adecuada composición;;
61;17/03/2023;314;17;77.2;184;99.7;42.3;29.3;19.7;28;7;10.3;56.2;33.6;37.3;27.7;98.3;75.8;95.6;58.6;57.8;35.6;7.2;7.4;8.6;9.2;7.4;5.8;;;45.6;;4.19;0.053;16.58;0.210;40.63;0.515;8.46;0.107;9.10;0.115;4.46;0.41;;;;;
62;19/05/2023;314;17;75.3;184;99.7;42.3;29.3;19.7;28;7;10.3;56.2;33;36.9;27.9;98.3;74.7;93.3;58.6;57.1;35.6;7.2;7;7.8;9;6.8;5;;;42.8;;4.19;0.054;16.03;0.205;40.71;0.520;8.24;0.105;9.10;0.116;4.47;0.39;;;;;
63;16/08/2023;314;17;77.7;184;99.7;42.3;29.3;19.7;28;7;10.3;56.2;32.3;36.5;27.9;98.4;76.1;95.4;59.3;58.6;36.1;6.8;7.4;6.8;9.2;6.6;3.8;;;40.6;;4.19;0.053;15.60;0.198;41.18;0.524;8.52;0.108;9.10;0.116;4.53;0.38;;;;;
64;27/09/2023;314;17;78.6;184;99.7;42.3;29.3;19.7;28;7;10.3;56.2;32.6;36.6;28.2;100.1;75.6;95.6;60.3;58.8;35.8;6.6;7.6;8.8;8.2;6.6;3.2;;;41;;4.19;0.052;15.68;0.196;42.65;0.533;8.48;0.106;9.10;0.114;4.69;0.37;;;;;
65;20/10/2023;314;17;79.8;184;99.7;42.3;29.3;19.7;28;7;10.3;56.2;33.2;36.7;28;100.6;75.7;96;61.6;58.9;35.9;6.2;7.6;7.4;7.4;6.6;3.2;;;38.4;;4.19;0.052;15.16;0.188;43.76;0.542;8.56;0.106;9.10;0.113;4.81;0.35;Disminuir Masa Adiposa;500;Se debe mejorar el porcentaje de tejido adiposo.;;
66;28/03/2023;301;18;89.9;189.5;97;43.5;31;23.4;30.2;6.8;10.2;56.6;32;35.7;27.2;102.6;90.4;103.4;60.6;57.7;36.8;10.2;8.2;11.6;17.8;11;5.8;;;64.6;;4.48;0.050;21.79;0.241;42.31;0.468;11.99;0.133;9.78;0.108;4.33;0.51;;;;;
67;4/05/2023;301;18;88.9;189.5;97;43.5;31;23.4;30.2;6.8;10.2;56.6;32.6;36.2;27.1;102.9;88.6;102.4;60.5;58.3;36.6;9;7.8;8.8;15.2;8;5;;;53.8;;4.48;0.050;19.54;0.220;43.38;0.488;11.79;0.133;9.78;0.110;4.44;0.45;;;;;
68;9/06/2023;301;18;87.5;189.5;97;43.5;31;23.4;30.2;6.8;10.2;56.6;32.4;36.2;27.2;104.6;89.3;101.6;59.6;57.9;36.4;9;7;7.6;12.6;8;4.4;;;48.6;;4.48;0.051;18.45;0.208;43.84;0.495;12.10;0.137;9.78;0.110;4.48;0.42;;;;;
69;14/07/2023;301;18;89.0;189.5;97;43.5;31;23.4;30.2;6.8;10.2;56.6;32.6;36.4;27.2;106.3;89.4;102.2;60.3;58.3;36.6;9.8;7;8;12.8;8.2;4.2;;;50;;4.48;0.050;18.74;0.208;45.08;0.500;12.10;0.134;9.78;0.108;4.61;0.42;;;;;
70;23/08/2023;301;18;88.7;189.5;97;43.5;31;23.4;30.2;6.8;10.2;56.6;32.6;36.5;27.2;107.5;87.6;101.8;60.6;58.5;36.3;9;7.3;8.4;12.6;8;4.2;;;49.5;;4.48;0.050;18.64;0.206;45.77;0.506;11.75;0.130;9.78;0.108;4.68;0.41;;;;;
71;27/09/2023;301;18;88.1;189.5;97;43.5;31;23.4;30.2;6.8;10.2;56.6;32.5;36.6;27.1;107.6;86.5;101.6;59.8;59.5;36.3;9;6.4;7.6;11.6;8.2;4;;;46.8;;4.48;0.050;18.08;0.202;45.47;0.509;11.59;0.130;9.78;0.109;4.65;0.40;;;;;
72;19/10/2023;301;18;89.0;189.5;97;43.5;31;23.4;30.2;6.8;10.2;56.6;33.1;36.6;27.6;109.1;86.6;101.6;60.3;59.1;36.6;9;7.2;7.8;13.2;8.2;4.6;;;50;;4.48;0.049;18.74;0.205;46.92;0.513;11.51;0.126;9.78;0.107;4.80;0.40;Disminuir Masa Adiposa;1500;Se debe disminuir el porcentaje de tejido adiposo. Obj Final - 3 Kg;;
73;19/04/2023;277;16;64.7;168.7;93.2;39.4;27.3;18.3;26.7;7;9.8;55.4;28.9;31.4;26.3;90.9;69.8;94.7;56.6;57;36.2;6;5.8;5.4;7;6.2;5.2;;;35.6;;3.60;0.056;11.75;0.183;33.99;0.530;6.77;0.105;8.07;0.126;4.21;0.35;;;;;
74;12/06/2023;277;16;64.4;168.7;93.2;39.4;27.3;18.3;26.7;7;9.8;55.4;28.3;30.6;26.4;90.6;71.8;94.2;56;55.7;35.9;6;5.8;5.2;6.2;6.4;4;;;33.6;;3.60;0.056;11.42;0.179;33.45;0.525;7.19;0.113;8.07;0.127;4.15;0.34;;;;;
75;19/07/2023;277;16;64.5;168.7;93.2;39.4;27.3;18.3;26.7;7;9.8;55.4;29;31.4;25.8;91.2;71.1;94.1;56.4;56;36.2;5.8;5.6;5.2;5.8;5.4;4;;;31.8;;3.60;0.056;11.12;0.174;34.16;0.534;7.08;0.111;8.07;0.126;4.23;0.33;;;;;
76;23/08/2023;277;16;65.6;168.7;93.2;39.4;27.3;18.3;26.7;7;9.8;55.4;29;31.4;26.4;89.9;72.3;95;56.6;55.9;36.2;5.6;5.6;5.2;5.6;5.8;3.8;;;31.6;;3.60;0.056;11.09;0.173;33.97;0.530;7.32;0.114;8.07;0.126;4.21;0.33;;;;;
77;29/09/2023;277;16;65.0;168.7;93.2;39.4;27.3;18.3;26.7;7;9.8;55.4;28.6;31.2;26;90.4;70.4;94.6;56.6;56.3;36.2;5.8;5.8;5.4;6;6;4;;;33;;3.60;0.057;11.32;0.178;33.76;0.530;6.94;0.109;8.07;0.127;4.18;0.34;;;;;
78;19/10/2023;277;16;64.7;168.7;93.2;39.4;27.3;18.3;26.7;7;9.8;55.4;28.8;31.2;26.4;90.2;71.2;95.4;57.1;56.7;35.8;5.2;6;5.4;6.6;5.6;4.2;;;33;;3.60;0.056;11.32;0.177;34.02;0.531;7.05;0.110;8.07;0.126;4.22;0.33;Mantener Composición Corporal;0;El jugador mantiene una buena composición.;;
79;29/09/2022;308;10;74.2;169.2;83.6;38.9;24.4;20;22.8;7.2;10.2;54.2;32.6;34.5;28.4;98.7;79.4;97.6;59.4;57.9;37.8;5.4;6.8;6.8;9.8;5.8;3.8;;;38.4;;3.82;0.053;12.30;0.170;41.19;0.570;7.79;0.108;7.11;0.099;5.79;0.30;;;;;
80;14/07/2023;308;10;74.3;169.2;83.6;38.9;24.4;20;22.8;7.2;10.2;54.2;32.6;35.1;28.7;99.2;82.3;99.2;59.6;57.6;38.4;5.8;8.2;7.4;10.8;5.8;4.8;;;42.8;;3.82;0.052;13.04;0.177;41.47;0.563;8.18;0.111;7.11;0.097;5.83;0.31;Disminuir Masa Adiposa;1500;El jugador mantiene una adecuada composición corporal. Puede mejorar ideal -2 Kg;;
81;5/04/2023;302;18;73.4;180.9;93.5;39.2;31.5;22.4;30.3;7;10;57.2;29.5;33.4;27.8;94.4;81.8;94.4;57;55.4;36.4;6;5.8;6.4;8.6;10.8;4;;;41.6;;4.12;0.055;15.14;0.201;36.75;0.487;10.51;0.139;8.94;0.119;4.11;0.41;;;;;
82;12/06/2023;302;18;73.0;180.9;93.5;39.2;31.5;22.4;30.3;7;10;57.2;30.3;34;27.8;95.4;79.9;94.2;56.9;54.3;35.8;5.6;6.8;7.4;10.2;8.6;5.8;;;44.4;;4.12;0.054;15.67;0.206;37.21;0.490;10.06;0.132;8.94;0.118;4.16;0.42;;;;;
83;10/07/2023;302;18;76.8;180.9;93.5;39.2;31.5;22.4;30.3;7;10;57.2;31.6;34.7;28.5;96.7;81.4;96.6;58;55.9;36.4;6.4;7;10;9.6;8.6;5.6;;;47.2;;4.12;0.052;16.21;0.205;39.32;0.498;10.38;0.131;8.94;0.113;4.40;0.41;;;;;
84;18/08/2023;302;18;79.0;180.9;93.5;39.2;31.5;22.4;30.3;7;10;57.2;31.5;34.4;28.5;97.6;83.2;97.2;59.3;58.1;37.4;6.8;7;11;12.4;9.8;5.8;;;52.8;;4.12;0.051;17.27;0.212;40.44;0.497;10.55;0.130;8.94;0.110;4.52;0.43;;;;;
85;27/09/2023;302;18;78.6;180.9;93.5;39.2;31.5;22.4;30.3;7;10;57.2;31.6;34.6;28.7;98.5;83;98.8;59;57.4;37.6;6.4;6.8;11.2;13;9.2;5.8;;;52.4;;4.12;0.050;17.19;0.210;41.10;0.502;10.48;0.128;8.94;0.109;4.60;0.42;;;;;
86;20/10/2023;302;18;79.0;180.9;93.5;39.2;31.5;22.4;30.3;7;10;57.2;31.6;33.9;28.6;99.2;83.6;100.1;60;58;37.8;5.8;7.2;10.4;14.4;8.8;6;;;52.6;;4.12;0.050;17.23;0.208;41.95;0.507;10.51;0.127;8.94;0.108;4.69;0.41;Disminuir Masa Adiposa;1500;El porcentaje de t adiposo puede elevarse como consecuencia de una m muscular dimisnuída. Obj final mantener;;
87;28/03/2023;307;17;74.8;178.8;94.8;43.5;30.5;19.2;29.8;6.9;10.4;56;27.8;31.4;26.8;95.9;78.6;98.6;56.2;55.7;35.8;5.8;6.8;7.2;9.6;4.8;4.2;;;38.4;;3.98;0.054;14.12;0.192;36.23;0.493;9.09;0.124;10.08;0.137;3.59;0.39;;;;;
88;17/05/2023;307;17;71.5;178.8;94.8;43.5;30.5;19.2;29.8;6.9;10.4;56;26.3;29.8;25.8;94.6;79.3;95.4;53.5;52.2;35;5.8;5.8;5.4;6.6;4.2;4.2;;;32;;3.98;0.057;12.93;0.186;33.28;0.478;9.41;0.135;10.08;0.145;3.30;0.39;;;;;
89;20/06/2023;307;17;71.4;178.8;94.8;43.5;30.5;19.2;29.8;6.9;10.4;56;25.6;29.7;25.8;93.9;78.5;94.6;53;52.6;34.8;4.8;6;5.4;5.6;4.6;4;;;30.4;;3.98;0.058;12.63;0.184;32.45;0.474;9.32;0.136;10.08;0.147;3.22;0.39;;;;;
90;10/07/2023;307;17;72.2;178.8;94.8;43.5;30.5;19.2;29.8;6.9;10.4;56;26;29.9;25.9;92.9;78.4;95.6;53.8;52.8;35.6;5.6;6.8;6;6.6;4.8;3.8;;;33.6;;3.98;0.058;13.23;0.191;32.71;0.472;9.24;0.133;10.08;0.146;3.24;0.40;;;;;
91;23/08/2023;307;17;73.8;178.8;94.8;43.5;30.5;19.2;29.8;6.9;10.4;56;26.6;30.8;26.4;93.6;78.1;96.6;55.9;53.6;36.4;6;6.8;6.2;7;5;3.8;;;34.8;;3.98;0.056;13.45;0.189;34.67;0.486;9.16;0.128;10.08;0.141;3.44;0.39;;;;;
92;28/09/2023;307;17;74.5;178.8;94.8;43.5;30.5;19.2;29.8;6.9;10.4;56;26.8;30.8;26.4;94.4;79.4;97.4;56;55.4;35.9;5.6;6.8;6.6;9.8;4.6;3.8;;;37.2;;3.98;0.055;13.89;0.192;35.04;0.485;9.24;0.128;10.08;0.140;3.48;0.40;;;;;
93;20/10/2023;307;17;74.4;178.8;94.8;43.5;30.5;19.2;29.8;6.9;10.4;56;27.4;30.8;26.7;94.5;77.6;97.8;55.3;54.6;35.8;5.6;6.6;6;9;4.4;3.2;;;34.8;;3.98;0.056;13.45;0.188;35.26;0.492;8.94;0.125;10.08;0.141;3.50;0.38;Aumentar Masa Muscular;500;El porcentaje de t adiposo puede elevarse como consecuencia de una m muscular dimisnuída.;;
94;28/03/2023;305;16;68.3;172;93.9;40.1;28.7;20.2;27.5;6.7;9.7;55.3;27.8;31.2;25.5;96.7;74.9;95.4;54.8;53.1;36.8;5.8;6.6;8.4;9.4;11;5.2;;;46.4;;3.81;0.055;14.19;0.206;34.60;0.502;8.22;0.119;8.15;0.118;4.25;0.41;;;;;
95;17/05/2023;305;16;70.0;172;93.9;40.1;28.7;20.2;27.5;6.7;9.7;55.3;28.2;31.4;26;97.6;76.4;96.4;55.4;53.6;37.4;6.4;6.6;7.8;12;9.8;5;;;47.6;;3.81;0.054;14.40;0.204;35.91;0.509;8.35;0.118;8.15;0.115;4.41;0.40;;;;;
96;23/06/2023;305;16;70.2;172;93.9;40.1;28.7;20.2;27.5;6.7;9.7;55.3;29.1;31.7;25.8;97.5;74.6;97.2;55.6;54.4;36.8;6;7.2;7.2;10.8;10.6;5.2;;;47;;3.81;0.054;14.29;0.204;35.84;0.511;8.08;0.115;8.15;0.116;4.40;0.40;;;;;
97;18/07/2023;305;16;71.6;172;93.9;40.1;28.7;20.2;27.5;6.7;9.7;55.3;29;31.8;25.7;98.8;78.8;97.1;55.9;54.3;37.3;7;8;8.4;9.8;10.8;5.8;;;49.8;;3.81;0.053;14.77;0.205;36.27;0.504;8.94;0.124;8.15;0.113;4.45;0.41;;;;;
98;23/08/2023;305;16;70.4;172;93.9;40.1;28.7;20.2;27.5;6.7;9.7;55.3;29;32.1;26.2;99.1;75.4;96.6;56.6;54.6;37.6;6.8;7.6;8.2;9.4;11.4;4.8;;;48.2;;3.81;0.053;14.50;0.202;37.12;0.516;8.31;0.116;8.15;0.113;4.55;0.39;;;;;
99;29/09/2023;305;16;71.5;172;93.9;40.1;28.7;20.2;27.5;6.7;9.7;55.3;28.8;32.1;26.1;99.3;76.2;97.1;56.3;55.1;37.3;6.4;7.6;8.8;10.6;11.8;5;;;50.2;;3.81;0.053;14.84;0.206;36.82;0.511;8.39;0.117;8.15;0.113;4.52;0.40;Aumentar Masa Muscular;500;Se debe disminuir el t. adiposo Obj final -2 Kg;;
100;17/03/2023;313;18;91.9;183.2;96.8;43;31.5;23.1;29;7.2;10.4;58.8;35.8;37.3;30.4;105.3;87.4;103.4;62.3;60.6;39.6;9.6;10.6;8.2;18.4;9.4;5;;;61.2;;4.42;0.047;19.44;0.207;48.54;0.517;11.37;0.121;10.13;0.108;4.79;0.40;;;;;
101;9/06/2023;313;18;93.4;183.2;96.8;43;31.5;23.1;29;7.2;10.4;58.8;35.7;37.6;30.3;107.4;88.6;104.4;62.6;60.6;40.8;9.4;10.8;7;20.6;9.2;5.2;;;62.2;;4.42;0.046;19.64;0.205;50.09;0.523;11.47;0.120;10.13;0.106;4.94;0.39;;;;;
102;20/06/2023;313;18;93.3;183.2;96.8;43;31.5;23.1;29;7.2;10.4;58.8;36;37.6;30.4;106.9;88.8;104;63.6;59.6;40.4;9.6;11;7;16.8;8.8;5;;;58.2;;4.42;0.046;18.86;0.197;50.35;0.527;11.75;0.123;10.13;0.106;4.97;0.37;;;;;
103;14/07/2023;313;18;92.7;183.2;96.8;43;31.5;23.1;29;7.2;10.4;58.8;35.6;37.8;30.2;106.8;88.4;104.4;62.9;60.9;40.2;9.6;11;7.2;14.6;8.2;4.6;;;55.2;;4.42;0.047;18.27;0.194;49.76;0.527;11.81;0.125;10.13;0.107;4.91;0.37;;;;;
104;18/08/2023;313;18;92.9;183.2;96.8;43;31.5;23.1;29;7.2;10.4;58.8;36.1;37.8;30;108.1;87.6;104.4;62.9;61.4;39.8;9.6;10;7;14;7.6;4.2;;;52.4;;4.42;0.047;17.73;0.187;50.59;0.535;11.69;0.124;10.13;0.107;4.99;0.35;;;;;
105;29/09/2023;313;18;92.3;183.2;96.8;43;31.5;23.1;29;7.2;10.4;58.8;36.3;37.6;30.2;106.9;86.5;104.4;62.6;59.6;39.8;9.4;10.2;7.2;14;7.6;4.2;;;52.6;;4.42;0.047;17.77;0.189;50.09;0.534;11.46;0.122;10.13;0.108;4.94;0.35;;;;;
106;18/10/2023;313;18;91.4;183.2;96.8;43;31.5;23.1;29;7.2;10.4;58.8;35.9;37.7;30.1;106.4;85.8;104.4;61.6;60.1;39.8;7.6;9.8;6.6;11.8;7.6;4.6;;;48;;4.42;0.048;16.87;0.183;49.44;0.537;11.46;0.125;10.13;0.110;4.88;0.34;Disminuir Masa Adiposa;1000;Se debe disminuir el porcentaje de tejido adiposo. Obj Final - 2 Kg;;
107;17/03/2023;280;18;76.4;176.4;94.5;41.1;28.4;19.7;28.2;6.7;10.3;54.5;31.3;34;26.5;93.5;79.5;101.6;61;58.4;36.6;8.8;11;12.6;16.4;8;3.2;;;60;;4.01;0.053;17.55;0.230;37.58;0.492;8.54;0.112;8.69;0.114;4.32;0.47;;;;;
108;17/05/2023;280;18;76.2;176.4;94.5;41.1;28.4;19.7;28.2;6.7;10.3;54.5;31.2;34.3;26.4;93.3;79.7;101.8;60.7;59.2;36.6;11;12;12.6;16.4;8.4;5;;;65.4;;4.01;0.053;18.53;0.243;36.57;0.479;8.58;0.112;8.69;0.114;4.21;0.51;;;;;
109;9/06/2023;280;18;76.2;176.4;94.5;41.1;28.4;19.7;28.2;6.7;10.3;54.5;31.4;34.8;26.9;95.2;78.4;101.6;60.4;57.9;36.5;9.8;11.6;11.6;15.4;8.4;5.2;;;62;;4.01;0.052;17.91;0.234;37.68;0.491;8.38;0.109;8.69;0.113;4.34;0.48;;;;;
110;19/07/2023;280;18;78.1;176.4;94.5;41.1;28.4;19.7;28.2;6.7;10.3;54.5;32;34.8;26.7;95.8;78.6;102.2;60.3;58.6;36.9;10;11.2;13;16;7.8;4.2;;;62.2;;4.01;0.052;17.95;0.232;38.47;0.496;8.39;0.108;8.69;0.112;4.43;0.47;;;;;
111;23/08/2023;280;18;79.0;176.4;94.5;41.1;28.4;19.7;28.2;6.7;10.3;54.5;31.8;35.4;27.4;96.2;79.6;102.8;62.3;59.4;37;9.6;12.2;16;16;8;3.8;;;65.6;;4.01;0.050;18.56;0.233;39.68;0.499;8.58;0.108;8.69;0.109;4.57;0.47;;;;;
112;27/09/2023;280;18;78.1;176.4;94.5;41.1;28.4;19.7;28.2;6.7;10.3;54.5;31.5;34.8;26.8;95.4;80.5;102.4;61.5;59.9;36.9;9.8;11.8;14.8;16;7.4;3.6;;;63.4;;4.01;0.051;18.16;0.232;38.72;0.494;8.75;0.112;8.69;0.111;4.46;0.47;;;;;
113;18/10/2023;280;18;77.5;176.4;94.5;41.1;28.4;19.7;28.2;6.7;10.3;54.5;31.4;34.4;26.6;93.6;78.8;102.4;61.4;50.8;36.7;8.4;10.2;12.4;15.8;6.6;3.4;;;56.8;;4.01;0.053;16.97;0.222;38.24;0.501;8.44;0.111;8.69;0.114;4.40;0.44;Disminuir Masa Adiposa;1000;Se debe disminuir el porcentaje de tejido adiposo. Se debe disminuir el t. adiposo en 3 Kg;;
114;3/04/2023;317;18;81.2;181.1;95.2;44.3;33;19.8;30.6;7.3;10.5;56.8;30.4;34.4;27.5;98.6;82.1;101.6;60.6;60.9;37;7;8;8;12;7;5;;;47;;4.15;0.051;16.21;0.197;40.70;0.495;10.25;0.125;10.88;0.132;3.74;0.40;;;;;
115;23/06/2023;317;18;79.3;181.1;95.2;44.3;33;19.8;30.6;7.3;10.5;56.8;29.8;34.1;27.4;100.1;78.8;99.8;59.7;58.4;37.2;7.4;7.6;8.8;10.4;5.8;5.2;;;45.2;;4.15;0.051;15.87;0.195;40.89;0.502;9.71;0.119;10.88;0.134;3.76;0.39;;;;;
116;18/07/2023;317;18;79.3;181.1;95.2;44.3;33;19.8;30.6;7.3;10.5;56.8;30.5;33.8;27.6;100.8;79.4;98.9;59.4;57.9;36.9;7.2;7.8;6.2;9.6;5.8;4.6;;;41.2;;4.15;0.051;15.11;0.186;41.42;0.509;9.87;0.121;10.88;0.134;3.81;0.36;;;;;
117;31/08/2023;317;18;80.3;181.1;95.2;44.3;33;19.8;30.6;7.3;10.5;56.8;30.1;34;27.2;101.3;79.6;100.2;61.1;59.4;36.8;6.8;8;7;12;7;4.6;;;45.4;;4.15;0.050;15.91;0.193;41.85;0.507;9.76;0.118;10.88;0.132;3.85;0.38;;;;;
118;29/09/2023;317;18;80.3;181.1;95.2;44.3;33;19.8;30.6;7.3;10.5;56.8;30.4;33.6;27.1;100.9;80.6;101.1;61;59.6;36.6;7.2;7.6;9;11.6;6;4.6;;;46;;4.15;0.050;16.02;0.193;41.77;0.505;9.98;0.121;10.88;0.131;3.84;0.38;Disminuir Masa Adiposa;1500;El porcentaje de t adiposo puede elevarse como consecuencia de una m muscular dimisnuída. Obj final -2 Kg t. adiposo. + 2 Kg m. muscular;;
119;3/04/2023;304;18;76.4;173.5;95.5;39.3;30.2;22;28.3;7.2;10.7;56.7;31.4;34.8;28.4;98.1;81.2;97.7;57.9;57.5;39.2;5.8;8.2;6.4;8.8;6.8;4.2;;;40.2;;3.94;0.051;13.41;0.174;40.63;0.526;10.17;0.132;9.06;0.117;4.48;0.33;;;El jugador mantiene una adecuada composición;;
120;19/05/2023;304;18;77.5;173.5;95.5;39.3;30.2;22;28.3;7.2;10.7;56.7;31.6;34.4;28.6;99.4;81.2;98;58.4;57.4;39.4;6;8.6;8;9.4;6.8;4.6;;;43.4;;3.94;0.050;13.97;0.178;41.48;0.528;10.13;0.129;9.06;0.115;4.58;0.34;;;;;
121;9/06/2023;304;18;77.3;173.5;95.5;39.3;30.2;22;28.3;7.2;10.7;56.7;31.2;34.9;28.8;99.6;79.6;97.9;58;53.8;39.2;6;8.2;7.6;10;7;4.8;;;43.6;;3.94;0.050;14.01;0.180;41.23;0.529;9.78;0.125;9.06;0.116;4.55;0.34;;;;;
122;19/07/2023;304;18;76.4;173.5;95.5;39.3;30.2;22;28.3;7.2;10.7;56.7;32.2;35.3;28.8;100.7;78.4;97.9;57.8;54.8;38.9;5.8;8;6.4;8;6;4.6;;;38.8;;3.94;0.051;12.96;0.166;42.14;0.542;9.73;0.125;9.06;0.117;4.65;0.31;;;;;
123;18/08/2023;304;18;77.4;173.5;95.5;39.3;30.2;22;28.3;7.2;10.7;56.7;32;35.2;28.8;99.4;79.2;98.4;58;55.4;39.2;5.8;8;6.4;8;6;4.6;;;38.8;;3.94;0.051;13.17;0.170;41.68;0.537;9.83;0.127;9.06;0.117;4.60;0.32;;;;;
124;27/09/2023;304;18;76.6;173.5;95.5;39.3;30.2;22;28.3;7.2;10.7;56.7;31.3;34.9;28.5;100.1;78.6;98.4;58.6;56.6;39.2;5.8;7.6;6;7.6;5.6;4.6;;;37.2;;3.94;0.051;12.89;0.166;41.91;0.541;9.73;0.126;9.06;0.117;4.63;0.31;;;;;
125;20/10/2023;304;18;76.2;173.5;95.5;39.3;30.2;22;28.3;7.2;10.7;56.7;31.6;34.9;28.6;100.9;78.8;98.8;58.3;56.6;38.8;6.2;8.4;7.6;8.2;6.6;4.2;;;41.2;;3.94;0.050;13.59;0.174;41.88;0.536;9.73;0.126;9.06;0.117;4.62;0.32;Mantener Composición Corporal;0;;;
126;4/05/2023;306;16;66.2;169.1;91.6;41.2;30;20.7;25.3;6.7;10;54.5;30.2;33.7;27.4;95;70.6;89.8;55.3;55.3;36.3;3.4;6.8;6.2;6.4;4.6;3.4;;;30.8;;3.67;0.055;10.99;0.163;36.68;0.546;7.90;0.117;7.99;0.119;4.59;0.30;;;;;
127;23/06/2023;306;16;67.4;169.1;91.6;41.2;30;20.7;25.3;6.7;10;54.5;30.7;33.6;28;96.1;72.3;91.4;55.8;55.6;36.3;4;6;5.4;4.2;5;2.8;;;27.4;;3.67;0.054;10.46;0.153;37.78;0.554;8.32;0.122;7.99;0.117;4.73;0.28;Mantener Composición Corporal;0;El porcentaje de t adiposo puede elevarse como consecuencia de una m muscular dimisnuída. Obj final -2 Kg t. adiposo.;;
128;17/03/2023;318;18;80.1;183.8;96.2;39.6;30.6;22.2;28.2;7.3;10.8;56.5;31.7;34.8;27.4;98.3;78.3;101.4;58.3;56.3;38.2;8.2;7.2;5.2;9;8.6;5.6;;;43.8;;4.20;0.053;16.18;0.204;40.41;0.509;9.73;0.123;8.88;0.112;4.55;0.40;;;;;
129;28/04/2023;318;18;80.0;183.8;96.2;39.6;30.6;22.2;28.2;7.3;10.8;56.5;31;33.7;27.2;97.6;78.3;100.6;59.6;58.3;38.4;7.8;7.2;4;10.6;9;5.6;;;44.2;;4.20;0.053;16.26;0.205;40.36;0.509;9.63;0.121;8.88;0.112;4.55;0.40;;;;;
130;20/06/2023;318;18;81.3;183.8;96.2;39.6;30.6;22.2;28.2;7.3;10.8;56.5;32.1;34.3;27.7;100.1;78.2;101.1;59;56.4;38.3;9.2;7;5.4;12.2;10.2;5.8;;;49.8;;4.20;0.052;17.36;0.213;41.54;0.510;9.51;0.117;8.88;0.109;4.68;0.42;;;;;
131;26/07/2023;318;18;79.9;183.8;96.2;39.6;30.6;22.2;28.2;7.3;10.8;56.5;31.8;33.7;27.4;101.1;78.8;101.1;58.6;56;38.3;8.6;7;5.2;11.4;10.8;5;;;48;;4.20;0.052;17.01;0.209;41.66;0.512;9.68;0.119;8.88;0.109;4.69;0.41;;;;;
132;16/08/2023;318;18;80.7;183.8;96.2;39.6;30.6;22.2;28.2;7.3;10.8;56.5;31.2;33.6;27.4;100.2;79;101;58.7;57.5;38.6;8.6;7.8;5.8;10.8;10.8;5;;;48.8;;4.20;0.052;17.16;0.212;41.04;0.506;9.76;0.120;8.88;0.110;4.62;0.42;;;;;
133;19/10/2023;318;18;80.3;183.8;96.2;39.6;30.6;22.2;28.2;7.3;10.8;56.5;31.7;34.7;27.6;99.6;80.4;101.3;58.3;57.6;38.4;8.8;7.4;5.8;13.2;11;5.2;;;51.4;;4.20;0.052;17.67;0.217;40.78;0.501;9.89;0.121;8.88;0.109;4.59;0.43;Disminuir Masa Adiposa;500;Se debe disminuir el porcentaje de tejido adiposo. Obj final - 1 Kg;;
134;29/03/2023;312;17;79.3;173.6;95;40;31.7;21.1;29.3;7.2;10.1;59.5;32.5;34.1;27.6;100.6;83.6;98.9;59.5;57.9;38.6;7.6;7.2;6.4;7.8;8.4;5;;;42.4;;4.05;0.051;13.82;0.173;41.78;0.522;10.79;0.135;9.54;0.119;4.38;0.33;;;;;
135;4/05/2023;312;17;80.2;173.6;95;40;31.7;21.1;29.3;7.2;10.1;59.5;32.6;34.8;28.4;101.8;83.6;98.7;59.6;58.8;38.7;7.2;6.6;6;7.4;8.4;4.6;;;40.2;;4.05;0.050;13.43;0.166;42.90;0.531;10.82;0.134;9.54;0.118;4.50;0.31;;;;;
136;9/06/2023;312;17;79.7;173.6;95;40;31.7;21.1;29.3;7.2;10.1;59.5;32.4;34.8;28.4;101.2;82.7;99.3;58.9;57.5;38.6;7.8;6.6;5.8;9;8;4.8;;;42;;4.05;0.051;13.75;0.172;42.19;0.527;10.55;0.132;9.54;0.119;4.42;0.33;;;;;
137;18/07/2023;312;17;80.6;173.6;95;40;31.7;21.1;29.3;7.2;10.1;59.5;32.6;35.4;28.1;102.2;82.9;99.4;59.3;57.4;39.1;6.6;7.2;6.6;8.4;7.6;4.2;;;40.6;;4.05;0.050;13.50;0.167;43.14;0.534;10.62;0.131;9.54;0.118;4.52;0.31;;;;;
138;18/08/2023;312;17;79.9;173.6;95;40;31.7;21.1;29.3;7.2;10.1;59.5;32.4;34.8;27.9;102.9;83.2;99.6;59.4;58;38.8;7;6.8;5.4;8.2;7.4;4;;;38.8;;4.05;0.050;13.19;0.163;43.23;0.536;10.69;0.133;9.54;0.118;4.53;0.31;;;;;
139;29/09/2023;312;17;80.7;173.6;95;40;31.7;21.1;29.3;7.2;10.1;59.5;32.8;34.9;28;103.4;83.6;99.8;60.1;58.7;38.8;7.2;7;7;10.2;7;4.2;;;42.6;;4.05;0.049;13.85;0.169;43.90;0.535;10.65;0.130;9.54;0.116;4.60;0.32;;;;;
140;18/10/2023;312;17;81.3;173.6;95;40;31.7;21.1;29.3;7.2;10.1;59.5;32.6;34.9;28.3;103.8;84.7;100.9;59.4;57.7;39.2;7;8;6.6;8.4;8;4;;;42;;4.05;0.049;13.75;0.167;43.77;0.533;10.97;0.134;9.54;0.116;4.59;0.31;Mantener Composición Corporal;0;El jugador mantiene una optima composición corporal.;;
141;17/05/2023;278;17;58.6;168.8;87.7;40.4;27.4;20.3;26.3;6.5;9.4;53.9;28;30.1;24.8;87.7;68;87.6;50.1;50.3;33.4;6.6;8.8;5.6;6.8;7.8;4.8;;;40.4;;3.47;0.060;12.56;0.216;27.65;0.476;6.81;0.117;7.58;0.131;3.65;0.45;;;;;
142;12/06/2023;278;17;58.4;168.8;87.7;40.4;27.4;20.3;26.3;6.5;9.4;53.9;28;30.1;24.8;88.8;71.2;89.4;50.8;49.6;33.4;9;8.4;5.6;7.8;8.4;4.8;;;44;;3.47;0.058;13.16;0.221;28.03;0.471;7.29;0.123;7.58;0.127;3.70;0.47;;;;;
143;19/07/2023;278;17;58.4;168.8;87.7;40.4;27.4;20.3;26.3;6.5;9.4;53.9;28.5;31.2;24.8;89.8;69.6;89.8;49.7;49.3;33.6;9;8.6;5.8;7.6;9.6;5.4;;;46;;3.47;0.058;13.49;0.226;28.02;0.470;7.04;0.118;7.58;0.127;3.70;0.48;;;;;
144;16/08/2023;278;17;60.1;168.8;87.7;40.4;27.4;20.3;26.3;6.5;9.4;53.9;28.5;31.2;25.4;89.8;70.4;89.6;52;51;34.4;8.6;8.4;7;10;9.2;5.2;;;48.4;;3.47;0.056;13.89;0.226;29.60;0.481;7.04;0.114;7.58;0.123;3.90;0.47;;;;;
145;27/09/2023;278;17;59.2;168.8;87.7;40.4;27.4;20.3;26.3;6.5;9.4;53.9;28;30.4;25.3;89.2;70.4;90;52.4;51.4;34.3;8;8.6;6;7.8;8.6;5.2;;;44.2;;3.47;0.057;13.19;0.217;29.37;0.483;7.16;0.118;7.58;0.125;3.87;0.45;;;;;
146;19/10/2023;278;17;59.3;168.8;87.7;40.4;27.4;20.3;26.3;6.5;9.4;53.9;28.3;29.9;25.4;90.4;70.5;89.8;51.8;51.7;34.3;7.8;8.8;7.4;9.2;9.8;5.2;;;48.2;;3.47;0.056;13.85;0.225;29.61;0.481;7.10;0.115;7.58;0.123;3.91;0.47;Aumentar Masa Muscular;1000;El porcentaje de t adiposo puede elevarse como consecuencia de una m muscular dimisnuída. Obj final +3 Kg Masa Muscular;;
147;28/03/2023;275;16;72.9;176.2;93.6;40.3;29.5;19.6;26.7;6.8;9.7;56.3;29.5;31.8;26.4;96.9;74.6;97.6;57.3;56.8;37.3;5.8;8.6;7.8;7.6;10.2;5.8;;;45.8;;3.92;0.054;14.94;0.207;37.01;0.513;8.30;0.115;8.02;0.111;4.62;0.40;;;;;
148;19/05/2023;275;16;72.5;176.2;93.6;40.3;29.5;19.6;26.7;6.8;9.7;56.3;29.6;31.7;26.7;97.6;74.3;96.9;56.8;56.3;37.4;6.2;8.2;8;7.4;9.8;5;;;44.6;;3.92;0.054;14.73;0.203;37.47;0.518;8.26;0.114;8.02;0.111;4.67;0.39;;;;;
149;9/06/2023;275;16;73.8;176.2;93.6;40.3;29.5;19.6;26.7;6.8;9.7;56.3;29.4;31.9;27.1;98.4;73.8;95.4;57.7;56.4;37.1;6;8;6.8;7.4;9.4;5;;;42.6;;3.92;0.054;14.37;0.198;38.25;0.526;8.16;0.112;8.02;0.110;4.77;0.38;;;;;
150;18/07/2023;275;16;72.9;176.2;93.6;40.3;29.5;19.6;26.7;6.8;9.7;56.3;29.7;31.7;27;97.6;74;96.7;56.9;56.6;37.2;6;8;7;7.6;9.2;4.8;;;42.6;;3.92;0.054;14.37;0.199;37.75;0.523;8.19;0.113;8.02;0.111;4.71;0.38;;;;;
151;23/08/2023;275;16;72.4;176.2;93.6;40.3;29.5;19.6;26.7;6.8;9.7;56.3;29.3;32.3;26.8;96.9;73.6;97;57.2;57;37.2;6;8;7.2;7;9;5;;;42.2;;3.92;0.055;14.29;0.199;37.33;0.521;8.15;0.114;8.02;0.112;4.65;0.38;;;;;
152;27/09/2023;275;16;73.2;176.2;93.6;40.3;29.5;19.6;26.7;6.8;9.7;56.3;29.5;31.9;26.9;97.1;74;97.3;57.4;56.8;37.4;5.6;7.8;8;8.6;9.2;5.2;;;44.4;;3.92;0.054;14.69;0.203;37.74;0.521;8.13;0.112;8.02;0.111;4.71;0.39;;;;;
153;18/10/2023;275;16;73.5;176.2;93.6;40.3;29.5;19.6;26.7;6.8;9.7;56.3;29.4;32.4;26.9;97.6;74.6;96.8;57.4;57;37.4;6;7.8;9;7;9;6;;;44.8;;3.92;0.054;14.76;0.203;37.77;0.519;8.34;0.115;8.02;0.110;4.71;0.39;Disminuir Masa Adiposa;1000;Se debe disminuir el porcentaje de t. adiposo. Obj final -2 Kg t. adiposo;;
154;28/07/2023;311;18;71.2;179;92.6;40.7;28.7;22.4;26.4;7.4;9.8;56.1;32.7;36.4;27.4;97.8;75.8;93.6;57.4;55.3;34.7;7.4;6.6;7.4;7.6;6.2;4.6;;;39.8;;3.92;0.053;14.42;0.193;39.06;0.524;8.87;0.119;8.31;0.112;4.70;0.37;;;;;
155;31/08/2023;311;18;69.8;179;92.6;40.7;28.7;22.4;26.4;7.4;9.8;56.1;31.9;35.4;26.8;96.9;75.1;92.7;55.9;54.4;34.8;6.8;6.6;5.8;7;6;4.2;;;36.4;;3.92;0.054;13.78;0.190;37.61;0.520;8.78;0.121;8.31;0.115;4.53;0.37;;;;;
156;5/10/2023;311;18;70.7;179;92.6;40.7;28.7;22.4;26.4;7.4;9.8;56.1;31.2;35.3;27.4;96.7;76.7;93.1;56.2;54.2;34.8;7.2;7;6.4;7.2;5.8;4.6;;;38.2;;3.92;0.054;14.12;0.194;37.48;0.514;9.06;0.124;8.31;0.114;4.51;0.38;;;;;
157;18/10/2023;311;18;71.4;179;92.6;40.7;28.7;22.4;26.4;7.4;9.8;56.1;31.9;35.2;26.8;97.6;76.9;93.2;56.3;54.4;34.7;6.8;6.8;7;7.2;5.8;4.4;;;38;;3.92;0.053;14.08;0.192;38.02;0.518;9.10;0.124;8.31;0.113;4.58;0.37;Disminuir Masa Adiposa;1000;El jugador mantiene una adecuada composición. Debe mejorar su masa muscular. Obj +1 Kg;;
158;1/01/2023;25;17;70.6;174.0;;;;;;;;;;;;;;;;;;;;;;;;;;68.5;94.5;;;18.66;0.264;32.00;0.453;;;;;4.06;0.58;Disminuir Masa Adiposa;;;;
159;1/01/2023;27;18;87.3;187.5;;;;;;;;;;;;;;;;;;;;;;;;;;66.0;90.0;;;21.34;0.245;40.63;0.466;;;;;3.68;0.53;Disminuir Masa Adiposa;;;;
160;1/01/2023;7;17;83.3;178.8;;;;;;;;;;;;;;;;;;;;;;;;;;64.5;85.5;;;19.29;0.232;39.74;0.477;;;;;3.90;0.49;Disminuir Masa Adiposa;;;;
161;1/01/2023;23;1;75.5;180.6;;;;;;;;;;;;;;;;;;;;;;;;;;57.3;75.0;;;18.83;0.250;36.61;0.485;;;;;4.51;0.51;Disminuir Masa Adiposa;;;;
162;1/01/2023;19;16;62.3;174.0;;;;;;;;;;;;;;;;;;;;;;;;;;55.5;72.5;;;16.22;0.261;27.98;0.450;;;;;3.77;0.58;Disminuir Masa Adiposa;;;;
163;1/01/2023;24;18;73.1;179.5;;;;;;;;;;;;;;;;;;;;;;;;;;54.8;71.6;;;17.49;0.240;35.19;0.482;;;;;4.80;0.50;Disminuir Masa Adiposa;;;;
164;1/01/2023;12;18;74.7;182.8;;;;;;;;;;;;;;;;;;;;;;;;;;52.5;66.0;;;18.02;0.241;35.79;0.479;;;;;3.81;0.50;Disminuir Masa Adiposa;;;;
165;1/01/2023;17;16;65.5;169.9;;;;;;;;;;;;;;;;;;;;;;;;;;52.0;68.5;;;14.91;0.228;32.09;0.490;;;;;4.50;0.46;Disminuir Masa Adiposa;;;;
166;1/01/2023;16;16;60.2;161.8;;;;;;;;;;;;;;;;;;;;;;;;;;52.0;68.0;;;12.89;0.214;29.88;0.496;;;;;4.08;0.43;Disminuir Masa Adiposa;;;;
167;1/01/2023;8;18;64.6;171.9;;;;;;;;;;;;;;;;;;;;;;;;;;51.0;66.0;;;15.11;0.234;30.51;0.473;;;;;3.71;0.50;Disminuir Masa Adiposa;;;;
168;1/01/2023;14;16;63.8;169.0;;;;;;;;;;;;;;;;;;;;;;;;;;42.5;54.0;;;12.97;0.203;30.82;0.484;;;;;3.75;0.42;Aumentar Masa Muscular;;;;
169;1/01/2023;1;18;65.7;176.5;;;;;;;;;;;;;;;;;;;;;;;;;;32.5;40.5;;;13.77;0.210;31.02;0.472;;;;;3.61;0.44;Aumentar Masa Muscular;;;;
170;1/01/2023;20;17;84.6;180.6;;;;;;;;;;;;;;;;;;;;;;;;;;50.0;66.0;;;16.19;0.191;45.42;0.537;;;;;5.09;0.36;Mantener Composición Corporal;;;;
171;1/01/2023;22;16;62.1;174.0;;;;;;;;;;;;;;;;;;;;;;;;;;48.5;60.5;;;15.19;0.245;29.44;0.474;;;;;4.36;0.52;Mantener Composición Corporal;;;;
172;1/01/2023;4;17;66.6;169.8;;;;;;;;;;;;;;;;;;;;;;;;;;47.5;63.5;;;14.06;0.211;33.00;0.496;;;;;4.11;0.43;Mantener Composición Corporal;;;;
173;1/01/2023;18;18;63.6;169.9;;;;;;;;;;;;;;;;;;;;;;;;;;44.5;58.0;;;13.20;0.208;32.29;0.508;;;;;4.28;0.41;Mantener Composición Corporal;;;;
174;1/01/2023;11;18;66.5;169.1;;;;;;;;;;;;;;;;;;;;;;;;;;43.0;56.5;;;13.32;0.200;34.55;0.520;;;;;4.65;0.39;Mantener Composición Corporal;;;;
175;1/01/2023;2;17;72.6;179.8;;;;;;;;;;;;;;;;;;;;;;;;;;42.5;56.0;;;15.45;0.213;36.84;0.507;;;;;4.58;0.42;Mantener Composición Corporal;;;;
176;1/01/2023;15;18;73.5;183.7;;;;;;;;;;;;;;;;;;;;;;;;;;42.2;55.3;;;16.17;0.220;36.75;0.500;;;;;4.54;0.44;Mantener Composición Corporal;;;;
177;1/01/2023;10;17;71.8;176.0;;;;;;;;;;;;;;;;;;;;;;;;;;40.0;54.0;;;14.07;0.196;37.05;0.516;;;;;4.66;0.38;Mantener Composición Corporal;;;;
178;1/01/2023;5;16;72.4;178.7;;;;;;;;;;;;;;;;;;;;;;;;;;40.0;50.5;;;15.57;0.215;36.72;0.508;;;;;4.58;0.42;Mantener Composición Corporal;;;;
179;1/01/2023;3; ;72.9;175.5;;;;;;;;;;;;;;;;;;;;;;;;;;38.5;49.5;;;13.69;0.188;37.56;0.515;;;;;4.18;0.36;Mantener Composición Corporal;;;;
180;1/03/2023;8;18;65.7;172.0;;;;;;;;;;;;;;;;;;;;;;;;;;68.0;92.0;;;16.86;0.257;30.32;0.462;;;;;3.99;0.56;Disminuir Masa Adiposa;;;;
181;1/03/2023;27;18;87.9;187.5;;;;;;;;;;;;;;;;;;;;;;;;;;67.5;92.5;;;21.25;0.242;41.97;0.478;;;;;3.87;0.51;Disminuir Masa Adiposa;;;;
182;1/03/2023;25;17;68.3;174.2;;;;;;;;;;;;;;;;;;;;;;;;;;65.0;87.0;;;17.51;0.257;31.70;0.464;;;;;4.16;0.55;Disminuir Masa Adiposa;;;;
183;1/03/2023;19;16;63.4;174.0;;;;;;;;;;;;;;;;;;;;;;;;;;64.0;85.5;;;17.09;0.270;28.57;0.451;;;;;3.99;0.60;Disminuir Masa Adiposa;;;;
184;1/03/2023;23;1;76.6;180.6;;;;;;;;;;;;;;;;;;;;;;;;;;58.0;75.5;;;18.71;0.245;37.63;0.492;;;;;4.69;0.50;Disminuir Masa Adiposa;;;;
185;1/03/2023;16;16;61.8;162.3;;;;;;;;;;;;;;;;;;;;;;;;;;58.0;72.5;;;13.81;0.223;30.33;0.491;;;;;4.13;0.46;Disminuir Masa Adiposa;;;;
186;1/03/2023;24;18;75.9;179.5;;;;;;;;;;;;;;;;;;;;;;;;;;57.5;77.0;;;17.54;0.231;38.00;0.501;;;;;5.22;0.46;Disminuir Masa Adiposa;;;;
187;1/03/2023;17;16;66.2;170.0;;;;;;;;;;;;;;;;;;;;;;;;;;54.0;71.0;;;14.60;0.221;33.67;0.509;;;;;4.94;0.43;Disminuir Masa Adiposa;;;;
188;1/03/2023;7;17;81.6;178.8;;;;;;;;;;;;;;;;;;;;;;;;;;54.0;73.0;;;17.46;0.214;39.52;0.485;;;;;3.84;0.44;Disminuir Masa Adiposa;;;;
189;1/03/2023;12;18;77.5;182.8;;;;;;;;;;;;;;;;;;;;;;;;;;52.0;71.0;;;17.59;0.227;38.39;0.496;;;;;4.25;0.46;Disminuir Masa Adiposa;;;;
190;1/03/2023;20;17;86.1;180.6;;;;;;;;;;;;;;;;;;;;;;;;;;49.5;64.5;;;16.11;0.187;46.82;0.544;;;;;5.24;0.34;Mantener Composición Corporal;;;;
191;1/03/2023;26; ;63.1;167.8;;;;;;;;;;;;;;;;;;;;;;;;;;48.0;63.0;;;13.11;0.208;31.66;0.502;;;;;4.71;0.41;Mantener Composición Corporal;;;;
192;1/03/2023;12;18;77.5;182.8;;;;;;;;;;;;;;;;;;;;;;;;;;45.0;59.0;;;16.24;0.210;39.82;0.514;;;;;4.47;0.41;Mantener Composición Corporal;;;;
193;1/03/2023;4;17;65.5;169.8;;;;;;;;;;;;;;;;;;;;;;;;;;45.0;58.0;;;13.20;0.202;33.57;0.513;;;;;4.35;0.39;Mantener Composición Corporal;;;;
194;1/03/2023;18;18;63.6;169.9;;;;;;;;;;;;;;;;;;;;;;;;;;44.5;58.0;;;13.20;0.208;32.29;0.508;;;;;4.28;0.41;Mantener Composición Corporal;;;;
195;1/03/2023;21;18;78.4;184.5;;;;;;;;;;;;;;;;;;;;;;;;;;44.0;54.0;;;16.59;0.212;39.32;0.502;;;;;4.50;0.42;Mantener Composición Corporal;;;;
196;1/03/2023;14;16;63.8;169.0;;;;;;;;;;;;;;;;;;;;;;;;;;42.5;54.0;;;12.97;0.203;30.82;0.484;;;;;3.75;0.42;Aumentar Masa Muscular;;;;
197;1/03/2023;15;18;73.7;184.5;;;;;;;;;;;;;;;;;;;;;;;;;;40.5;54.5;;;15.63;0.212;37.71;0.512;;;;;4.79;0.41;Mantener Composición Corporal;;;;
198;1/03/2023;11;18;66.6;169.1;;;;;;;;;;;;;;;;;;;;;;;;;;40.5;52.0;;;12.91;0.194;35.27;0.530;;;;;4.74;0.37;Mantener Composición Corporal;;;;
199;1/03/2023;10;17;71.8;176.0;;;;;;;;;;;;;;;;;;;;;;;;;;40.0;54.0;;;14.07;0.196;37.05;0.516;;;;;4.66;0.38;Mantener Composición Corporal;;;;
200;1/03/2023;1;18;62.8;176.5;;;;;;;;;;;;;;;;;;;;;;;;;;33.0;41.5;;;13.47;0.214;29.46;0.469;;;;;3.54;0.46;Aumentar Masa Muscular;;;;
201;1/03/2023;5;16;70.0;178.7;;;;;;;;;;;;;;;;;;;;;;;;;;31.0;39.0;;;13.70;0.196;36.20;0.517;;;;;4.54;0.38;Mantener Composición Corporal;;;;
202;1/07/2023;25;17;67.6;174.3;;;;;;;;;;;;;;;;;;;;;;;;;;75.0;95.5;;;19.12;0.283;30.27;0.448;;;;;4.00;0.63;Disminuir Masa Adiposa;;;;
203;1/07/2023;27;18;88.4;187.5;;;;;;;;;;;;;;;;;;;;;;;;;;71.5;98.0;;;22.03;0.249;41.74;0.472;;;;;3.85;0.53;Disminuir Masa Adiposa;;;;
204;1/07/2023;23;1;78.7;180.6;;;;;;;;;;;;;;;;;;;;;;;;;;69.5;87.0;;;20.41;0.259;38.25;0.486;;;;;4.90;0.53;Disminuir Masa Adiposa;;;;
205;1/07/2023;24;18;75.6;179.5;;;;;;;;;;;;;;;;;;;;;;;;;;67.0;89.0;;;19.00;0.251;36.61;0.484;;;;;5.11;0.52;Disminuir Masa Adiposa;;;;
206;1/07/2023;7;17;82.0;179.6;;;;;;;;;;;;;;;;;;;;;;;;;;60.5;82.5;;;18.02;0.220;40.45;0.494;;;;;4.13;0.45;Disminuir Masa Adiposa;;;;
207;1/07/2023;19;16;64.2;174.0;;;;;;;;;;;;;;;;;;;;;;;;;;54.5;71.5;;;16.43;0.256;29.29;0.457;;;;;3.86;0.56;Disminuir Masa Adiposa;;;;
208;1/07/2023;20;17;86.5;180.6;;;;;;;;;;;;;;;;;;;;;;;;;;54.0;71.0;;;16.55;0.192;46.99;0.544;;;;;5.38;0.35;Disminuir Masa Adiposa;;;;
209;1/07/2023;10;17;73.8;176.3;;;;;;;;;;;;;;;;;;;;;;;;;;53.5;71.0;;;16.31;0.221;37.07;0.502;;;;;4.73;0.44;Disminuir Masa Adiposa;;;;
210;1/07/2023;21;18;77.7;184.5;;;;;;;;;;;;;;;;;;;;;;;;;;53.0;63.0;;;17.91;0.231;37.43;0.482;;;;;4.40;0.48;Disminuir Masa Adiposa;;;;
211;1/07/2023;16;16;60.4;162.3;;;;;;;;;;;;;;;;;;;;;;;;;;52.0;69.0;;;13.15;0.218;29.39;0.487;;;;;3.93;0.45;Disminuir Masa Adiposa;;;;
212;1/07/2023;17;16;67.1;170.0;;;;;;;;;;;;;;;;;;;;;;;;;;51.5;68.5;;;14.73;0.220;33.64;0.501;;;;;4.76;0.44;Disminuir Masa Adiposa;;;;
213;1/07/2023;14;16;65.0;168.5;;;;;;;;;;;;;;;;;;;;;;;;;;48.0;63.0;;;13.57;0.209;31.18;0.480;;;;;3.80;0.44;Aumentar Masa Muscular;;;;
214;1/07/2023;1;18;62.8;176.5;;;;;;;;;;;;;;;;;;;;;;;;;;26.0;32.5;;;12.02;0.192;30.87;0.492;;;;;3.74;0.39;Aumentar Masa Muscular;;;;
215;1/07/2023;3; ;73.8;176.4;;;;;;;;;;;;;;;;;;;;;;;;;;47.5;60.0;;;15.37;0.208;36.79;0.499;;;;;4.28;0.42;Mantener Composición Corporal;;;;
216;1/07/2023;4;17;67.7;169.8;;;;;;;;;;;;;;;;;;;;;;;;;;46.0;59.0;;;13.49;0.199;35.36;0.522;;;;;4.54;0.38;Mantener Composición Corporal;;;;
217;1/07/2023;12;18;77.9;183.0;;;;;;;;;;;;;;;;;;;;;;;;;;45.5;57.0;;;16.54;0.212;39.15;0.503;;;;;4.18;0.42;Mantener Composición Corporal;;;;
218;1/07/2023;18;18;64.9;170.3;;;;;;;;;;;;;;;;;;;;;;;;;;45.0;60.5;;;13.21;0.204;33.31;0.513;;;;;4.59;0.40;Mantener Composición Corporal;;;;
219;1/07/2023;2;17;72.5;179.8;;;;;;;;;;;;;;;;;;;;;;;;;;43.5;57.5;;;15.58;0.215;36.38;0.502;;;;;4.54;0.43;Mantener Composición Corporal;;;;
220;1/07/2023;15;18;73.4;183.7;;;;;;;;;;;;;;;;;;;;;;;;;;43.5;59.0;;;16.18;0.220;36.61;0.499;;;;;4.59;0.44;Mantener Composición Corporal;;;;
221;1/07/2023;22;16;62.0;174.4;;;;;;;;;;;;;;;;;;;;;;;;;;42.5;55.5;;;13.94;0.225;30.42;0.491;;;;;4.62;0.46;Mantener Composición Corporal;;;;
222;1/07/2023;11;18;67.4;169.1;;;;;;;;;;;;;;;;;;;;;;;;;;38.0;52.0;;;12.72;0.189;35.34;0.525;;;;;4.67;0.36;Mantener Composición Corporal;;;;
223;1/07/2023;5;16;71.4;178.7;;;;;;;;;;;;;;;;;;;;;;;;;;36.0;46.0;;;14.73;0.207;36.03;0.505;;;;;4.50;0.41;Mantener Composición Corporal;;;;
224;24/03/2023;30;17;84;185.4;98;44.9;32.2;19.7;29.4;7.6;10.1;57.4;31.6;34.8;29.9;102.2;80.8;100.8;57.3;56.4;38.8;5.4;6.4;7.4;9.4;6.4;6;;;41.0;;4.30;0.051;15.97;0.188;44.02;0.518;10.10;0.119;10.63;0.125;4.14;0.36;Disminuir Masa Adiposa;1000;El jugador mantene una adecuada composición, sin embargo puede mejorar. Obj: -'2 Kg tejido adiposo;;
225;28/06/2023;21;18;78.2;184.5;98.4;38;30.8;20.3;30.3;7;10.3;55.8;30.3;32.6;27;97.5;79.5;97;59.4;58.5;37;9;8;7;9;12;8;;;53.0;;4.13;0.053;18.15;0.231;38.12;0.485;9.69;0.123;8.44;0.108;4.52;0.48;;;;;
226;10/07/2023;21;18;78.2;184.5;98.4;38;30.8;20.3;30.3;7;10.3;55.8;29.4;33.7;27.4;98.4;79.6;97.7;59.4;58.3;37;9.4;9.2;9;12.2;11.2;6.8;;;57.8;;4.13;0.052;19.10;0.240;38.36;0.482;9.50;0.120;8.44;0.106;4.55;0.50;;;;;
227;20/10/2023;21;18;77;184.5;98.4;38;30.8;20.3;30.3;7;10.3;55.8;29.3;33.6;27.2;100.3;75.5;95.6;58.9;57.4;37;8.6;8.2;7.8;9.8;11.2;5.8;;;51.4;;4.13;0.053;17.84;0.227;39.27;0.500;8.80;0.112;8.44;0.108;4.65;0.45;Aumentar Masa Muscular;1000;El porcentaje de t adiposo puede elevarse como consecuencia de una m muscular dimisnuída. Obj final -2 Kg t. adiposo + 2 Kg m.muscular;;
228;8/11/2023;315;18;82.4;182.7;94.9;43.3;32.8;20.3;29.8;7.1;10.2;55.6;33.9;37.4;27.8;106.4;83.4;97.6;59.8;59.6;39.2;3.8;5.8;4;4.6;4.2;3;;;25.4;25.4;4.06;0.049;11.91;0.145;46.33;0.562;10.59;0.128;9.51;0.115;4.87;0.26;Mantener Composición Corporal;0;;;
229;8/11/2023;310;1;76.4;181;96.2;41.4;29.6;21.9;30.2;7.3;10.3;56.5;31.1;34.8;27.9;99.1;77.4;97.4;58.3;58.5;38.8;5.4;5.2;4.6;4.2;7.2;2.6;;;29.2;29.2;3.96;0.052;12.48;0.163;41.06;0.537;9.35;0.122;9.54;0.125;4.30;0.30;Mantener Composición Corporal;0;;;
230;8/11/2023;274;1;80.7;188.6;101.2;43;31.4;18.2;30.7;6.85;9.85;56.5;32.8;35.4;27;100.6;81.7;100.7;58.4;58;35.9;8;8;7;8.2;6;4.8;;;42.0;42.0;4.21;0.052;16.59;0.206;40.67;0.504;9.78;0.121;9.45;0.117;4.30;0.41;Mantener Composición Corporal;0;Mantener hasta lograr recuperación optima. ;;
231;28/03/2023;274;1;78.9;188;101.2;43;31.4;18.2;30.7;6.85;9.85;56.5;31.8;34.6;26.7;98.1;80.3;100.1;58.6;57.6;35.8;7.8;8;5.8;7.2;7.8;5;;;41.6;;4.28;0.054;16.66;0.209;39.32;0.494;9.71;0.122;9.64;0.121;4.08;0.42;;;;;
232;03/05/2023;274;1;79.4;188;101.2;43;31.4;18.2;30.7;6.85;9.85;56.5;32.7;35.3;26.8;99.8;79.4;100.1;59.4;59.2;35.5;7;7.8;5.8;7;6.8;5;;;39.4;;4.28;0.053;16.21;0.201;41.15;0.509;9.52;0.118;9.64;0.119;4.27;0.39;;;;;
233;09/06/2023;274;1;81.7;188;101.2;43;31.4;18.2;30.7;6.85;9.85;56.5;32.9;36.3;27.4;99.8;82;101;59.6;59;36.2;7.4;8;6;6.4;7;3.8;;;38.6;;4.28;0.052;16.04;0.195;42.03;0.512;10.14;0.124;9.64;0.117;4.36;0.38;;;;;
234;14/07/2023;274;1;81.3;188;101.2;43;31.4;18.2;30.7;6.85;9.85;56.5;32.8;35.8;26.8;99.6;81.3;101.1;59.6;59;35.8;7.8;8.2;6.4;7.8;6.8;5;;;42.0;;4.28;0.052;16.74;0.205;41.17;0.504;9.89;0.121;9.64;0.118;4.27;0.41;;;;;
235;23/08/2023;274;1;81.7;188.6;101.2;43;31.4;18.2;30.7;6.85;9.85;56.5;33.2;36.2;27.2;99.6;82.3;101.3;59.2;58.5;36.2;8;7.6;6.4;7.8;4.8;4.6;;;39.2;;4.28;0.052;16.30;0.198;41.99;0.510;10.11;0.123;9.62;0.117;4.37;0.39;;;;;
236;28/09/2023;274;1;81.4;188.6;101.2;43;31.4;18.2;30.7;6.85;9.85;56.5;33.8;35.8;27;100.6;82.3;101.1;59.3;58.2;35.9;7.4;6.2;7;7.4;4.6;4.6;;;37.2;;4.28;0.052;15.88;0.192;42.91;0.518;10.14;0.122;9.62;0.116;4.46;0.37;;;;;
237;19/10/2023;274;1;80.5;188.6;101.2;43;31.4;18.2;30.7;6.85;9.85;56.5;32.8;35.8;27;101;81.8;101.1;58.8;57.7;36.2;8;7.6;6.4;7.2;6.6;5.2;;;41.0;;4.28;0.052;16.67;0.202;41.82;0.507;10.04;0.122;9.62;0.117;4.35;0.40;Mantener Composición Corporal;0;Mantener la masa muscular hasta que retome su entrenamiento;;
238;24/03/2023;325;17;77;174;91.3;38.9;29.2;20.2;27.1;7.6;10;57.4;30.6;32.6;26.7;94.9;82.3;100.8;58.6;58.4;36.6;6.6;10.8;10.2;17.4;8;4.2;;;57.2;;3.97;0.053;16.50;0.220;36.97;0.492;9.13;0.122;8.56;0.114;4.32;0.45;;;;;
239;09/06/2023;325;17;77.3;174;91.3;38.9;29.2;20.2;27.1;7.6;10;57.4;30.9;32.9;26.8;94;82.7;100.8;58.6;54.2;36.6;6;12.4;10.4;19.6;9.4;4;;;61.8;;3.97;0.053;17.30;0.230;36.48;0.484;9.08;0.120;8.56;0.114;4.26;0.47;Disminuir Masa Adiposa;1500;El porcentaje de t adiposo puede elevarse como consecuencia de una m muscular dimisnuída. Obj final -2 Kg t. adiposo.;;
240;9/11/2023;305;16;70.8;172;93.9;40.1;28.7;20.2;27.5;6.7;9.7;55.3;28.6;31.7;26;99.4;77.1;97.3;56.6;54.7;37.3;7.8;7.2;8.8;8.8;11.8;5.2;;;49.6;49.6;3.72;0.053;14.48;0.205;36.06;0.509;8.52;0.120;8.01;0.113;4.50;0.40;Aumentar Masa Muscular;500;Recuperar masa muscular.;;
241;9/11/2023;317;18;79.3;181.1;95.2;44.3;33;19.8;30.6;7.3;10.5;56.8;30.2;34.1;27.6;100.1;80.6;99.9;60.6;58.9;37;7.6;7.2;8.8;13.8;6.2;5.4;;;49;49.0;3.95;0.050;15.88;0.200;39.63;0.500;9.43;0.119;10.41;0.131;3.81;0.40;Aumentar Masa Muscular;1000;;;
242;9/11/2023;277;16;66.6;168.7;93.2;39.4;27.3;18.3;26.7;7;9.8;55.4;28.5;31.4;26.4;90.6;72.9;96;57;56.6;36.2;6.2;5.8;5.4;6.2;7;4.8;;;35.4;35.4;3.75;0.056;12.07;0.181;34.85;0.523;7.62;0.114;8.31;0.125;4.19;0.35;Aumentar Masa Muscular;1000;;;
243;9/11/2023;301;18;88.8;189.5;97;43.5;31;23.4;30.2;6.8;10.2;56.6;33.4;36.4;27.1;109.9;85.6;101.1;59.6;58.9;36.6;9;6;6.6;9;6;4;;;40.6;40.6;4.41;0.050;16.54;0.186;46.80;0.527;11.41;0.128;9.64;0.109;4.86;0.35;Disminuir Masa Adiposa;500;;;
244;10/11/2023;307;17;74.9;178.8;94.8;43.5;30.5;19.2;29.8;6.9;10.4;56;27.5;31.2;26.7;94.6;78.4;98.2;56.9;55.4;35.8;5.6;6.8;6.8;9.4;4.6;4.2;;;37.4;37.4;4.10;0.055;14.31;0.191;36.82;0.492;9.31;0.124;10.36;0.138;3.56;0.39;;;;;
245;10/11/2023;316;16;74.2;177.2;92.2;39.3;28.4;20.7;26.8;7.2;10;56.5;30.8;34.4;26.2;94.9;76;97;58;57;36.8;6;8.2;10;15.6;6.6;5;;;51.4;51.4;3.98;0.054;16.28;0.219;37.63;0.507;8.11;0.109;8.21;0.111;4.58;0.43;;;;;
246;10/11/2023;300;18;75.8;178;93.7;41.3;28.5;20.9;26.4;7.5;10.4;56.2;31.2;33.4;27.8;98.4;73.8;98.6;57.4;57.2;38.1;7.2;8.2;8.2;10.2;10.4;5.6;;;49.8;49.8;3.97;0.052;15.94;0.210;39.05;0.515;7.99;0.105;8.85;0.117;4.41;0.41;;;;;
247;10/11/2023;302;18;79.5;180.9;93.5;39.2;31.5;22.4;30.3;7;10;57.2;31.8;34.6;28.8;100.6;83.9;99.9;59.7;58.7;37.8;5.6;6.6;9.6;9.4;9;6;;;46.2;46.2;3.97;0.050;15.40;0.194;41.08;0.517;10.45;0.131;8.60;0.108;4.78;0.38;;;;;
248;10/11/2023;278;17;59.4;168.8;87.7;40.4;27.4;20.3;26.3;6.5;9.4;53.9;27.9;30.2;25.2;88.4;70;89.6;51.6;51.7;34.4;8.2;9;6.2;10.6;10;5.2;;;49.2;49.2;3.41;0.057;13.77;0.232;27.96;0.471;6.82;0.115;7.44;0.125;3.76;0.49;;;;;
249;10/11/2023;280;18;78;176.4;94.5;41.1;28.4;19.7;28.2;6.7;10.3;54.5;31.5;34.7;26.7;94.3;79.1;102.5;61.5;59.8;36.6;9.2;11.4;15;16.2;10;6.2;;;68;68.0;4.04;0.052;19.07;0.244;37.67;0.483;8.50;0.109;8.72;0.112;4.32;0.51;;;;;
250;10/11/2023;303;16;74.8;179.5;93.3;41.3;29.3;20.7;26.8;7.2;10;55.2;29.2;33.4;26.2;97.2;79.6;97.6;57.2;56.4;37.4;8;8;8.4;10;8;4;;;46.4;46.4;4.00;0.053;15.73;0.210;37.38;0.500;9.25;0.124;8.45;0.113;4.42;0.42;Disminuir Masa Adiposa;1000;El porcentaje de t adiposo puede elevarse como consecuencia de una m muscular dimisnuída. Obj final +2 Kg m. muscular;;
251;15/11/2023;320;16;70.85;171.5;89;39.8;30.3;21.3;25.3;6.9;9.9;54.6;28.6;33;27.2;99.2;76.8;93.4;56.9;56.6;37.9;3.4;6.2;3.2;4;4;2.6;;;23.4;23.4;3.82;0.054;10.26;0.145;39.80;0.562;9.25;0.131;7.72;0.109;5.16;0.26;;;;;
252;15/11/2023;314;17;79.5;184;99.7;42.3;29.3;19.7;28;7;10.3;56.2;33;37.2;28.5;98.9;76.3;96.4;61.4;59.9;36.6;6.2;7;8.6;10;7;3.2;;;42;42.0;4.10;0.052;15.57;0.196;42.55;0.535;8.35;0.105;8.93;0.112;4.77;0.37;Aumentar Masa Muscular;1000;;;
253;15/11/2023;311;18;70;179;92.6;40.7;28.7;22.4;26.4;7.4;9.8;56.1;31.3;35.4;26.6;98.4;76.4;93.4;56.4;55.4;34.6;6.4;6.6;6.6;7.4;6;4.4;;;37.4;37.4;3.71;0.053;13.35;0.191;36.39;0.520;8.60;0.123;7.95;0.114;4.58;0.37;Aumentar Masa Muscular;1000;;;
254;15/11/2023;318;18;81.1;183.8;96.2;39.6;30.6;22.2;28.2;7.3;10.8;56.5;31.5;34.4;27.8;99.4;79.6;101.6;58;58;38.6;9.2;7;5.6;11.8;10.8;6;;;50.4;50.4;4.22;0.052;17.51;0.216;40.63;0.501;9.83;0.121;8.90;0.110;4.57;0.43;Aumentar Masa Muscular;1000;;;
255;15/11/2023;313;18;92;183.2;96.8;43;31.5;23.1;29;7.2;10.4;58.8;36.8;38;30.2;106.6;86.4;104.6;62.6;59.8;39.8;7.4;9.8;7.2;11;7.2;4.4;;;47;47.0;4.37;0.047;16.42;0.178;49.78;0.541;11.46;0.125;9.97;0.108;4.99;0.33;Mantener Composición Corporal;;;;
256;15/11/2023;312;17;80;173.6;95;40;31.7;21.1;29.3;7.2;10.1;59.5;32;34.6;28.1;104.6;85.2;100.2;60.4;58.8;39.1;7.4;6.8;6.2;7.8;7.4;4;;;39.6;39.6;3.91;0.049;12.95;0.162;43.07;0.538;10.79;0.135;9.27;0.116;4.64;0.30;;;;;
257;15/11/2023;275;16;72.5;176.2;93.6;40.25;29.5;19.6;26.7;6.8;9.7;56.3;28.6;31.7;26.8;96.8;74.8;97;57.3;56.6;37.2;6.2;8;7;8;9;5;;;43.2;43.2;3.94;0.054;14.63;0.202;37.42;0.516;8.41;0.116;8.11;0.112;4.61;0.39;Disminuir Masa Adiposa;1000;;;
258;16/11/2023;310;1;76.2;181;96.2;41.4;29.6;21.9;30.2;7.3;10.3;56.5;31.7;34.8;28;99.4;77.1;97.4;59;58.6;38.8;5.4;5.2;4.8;5;7.8;2.6;;;30.8;30.8;3.90;0.051;12.61;0.165;41.15;0.540;9.12;0.120;9.42;0.124;4.37;0.31;Mantener Composición Corporal;0;;;
259;16/11/2023;315;18;81.6;182.7;94.9;43.3;32.8;20.3;29.8;7.1;10.2;55.6;33.8;37.6;27.6;105.6;83.2;97.6;60;59.5;39.4;3.4;6;4;4.4;4.4;3.2;;;25.4;25.4;4.03;0.049;11.85;0.145;45.75;0.561;10.51;0.129;9.46;0.116;4.83;0.26;Mantener Composición Corporal;0;;;
260;22/11/2023;326;18;82.4;184.2;82.4;42.1;28.1;23.6;25.1;7.3;10.6;54.3;33.1;36.3;28.3;103.4;81.6;100.8;58.6;56.8;37.2;6.2;7;8.8;12.6;10.6;4.2;;;49.4;49.4;4.24;0.051;17.32;0.210;43.61;0.529;8.95;0.109;8.27;0.100;5.27;0.40;Disminuir Masa Adiposa;1000;;;
261;30/11/2023;310;1;76.9;181;96.2;41.4;29.6;21.9;30.2;7.3;10.3;56.5;31.3;34.6;28.3;98.9;78.3;97.2;58.5;58.7;39.3;5.4;5.2;5;4.4;6.8;2.8;;;29.6;29.6;3.96;0.051;12.52;0.163;41.42;0.539;9.49;0.123;9.51;0.124;4.35;0.30;Mantener Composición Corporal;0;EL jugador mantiene una adecuada composición;;
262;6/12/2023;307;17;74;178.8;94.8;43.5;30.5;19.2;29.8;6.9;10.4;56;27;31.4;26.4;95.4;75.4;97.6;55.6;55.2;36.3;5.2;6.8;5.8;7.8;4.4;3.2;;;33.2;33.2;4.11;0.056;13.61;0.184;36.96;0.500;8.88;0.120;10.44;0.141;3.54;0.37;;;;;
263;6/12/2023;305;16;72.5;172;93.9;40.1;28.7;20.2;27.5;6.7;9.7;55.3;29.2;31.9;26.3;99.7;76.8;96.8;57.2;56.2;37.6;6.6;7;8.4;7;12.4;5.4;;;46.8;46.8;3.82;0.053;14.24;0.196;37.58;0.518;8.71;0.120;8.14;0.112;4.62;0.38;;;;;
264;7/12/2023;277;16;64.6;168.7;93.2;39.4;27.3;18.3;26.7;7;9.8;55.4;28.3;31.2;26.1;93.1;72;96;57.4;57.5;36.2;5.8;6;5.6;6.2;6;4.6;;;34.2;34.2;3.55;0.055;11.39;0.176;34.54;0.535;7.15;0.111;7.98;0.123;4.33;0.33;Mantener Composición Corporal;0;;;
265;7/12/2023;315;18;81.4;182.7;94.9;43.3;32.8;20.3;29.8;7.1;10.2;55.6;33.1;37.4;27.6;104.8;83.8;97.4;59.4;59.1;39.6;3.6;5.6;4;4;4.2;2.8;;;24.2;24.2;4.05;0.050;11.71;0.144;45.38;0.557;10.72;0.132;9.54;0.117;4.76;0.26;Mantener Composición Corporal;0;;;
266;7/12/2023;303;16;75.5;179.5;93.3;41.3;29.3;20.7;26.8;7.2;10;55.2;29.6;33.2;26.2;97.6;81;98;57.3;56.5;37.4;7.8;7;8;8.2;8;4;;;43;43.0;4.03;0.053;15.17;0.201;38.13;0.505;9.67;0.128;8.49;0.112;4.49;0.40;Disminuir Masa Adiposa;1000;El porcentaje de t adiposo puede elevarse como consecuencia de una m muscular dimisnuída. Obj final +2 Kg m. muscular;;
267;7/12/2023;301;18;88.8;189.5;97;43.5;31;23.4;30.2;6.8;10.2;56.6;32.8;36.8;27.3;108.3;85.9;101.1;60.2;59.6;36.4;8.6;6.4;6.2;9;6;4;;;40.2;40.2;4.45;0.050;16.61;0.187;46.44;0.523;11.57;0.130;9.72;0.109;4.78;0.36;Disminuir Masa Adiposa;500;;;
268;8/12/2023;302;18;79.4;180.9;93.5;39.2;31.5;22.4;30.3;7;10;57.2;32;35.2;28.6;100.2;84.5;99.5;60.2;57.8;38.3;6.2;7;8.6;9.2;8.4;5.6;;;45;45.0;3.96;0.050;15.14;0.191;41.20;0.519;10.53;0.133;8.57;0.108;4.81;0.37;Disminuir Masa Adiposa;1000;;;
269;11/12/2023;274;1;79.9;188.6;101.2;43;31.4;18.2;30.7;6.85;9.85;56.5;32.2;35.8;27;99.6;81.1;100.6;57.6;57.7;35.8;8.4;8.2;5.8;7.6;7.6;5.2;;;42.8;42.8;4.23;0.053;16.90;0.212;39.45;0.494;9.78;0.122;9.54;0.119;4.14;0.43;Aumentar Masa Muscular;2000;El porcentaj de tejido adiposo puede alterarse como consecuencia de una masa muscular disminuida;;
270;1/11/2023;5;16;72.8;178.7;96.1;36.1;27;19.9;27.7;6.7;10.3;57;29;31.7;26;92;72.7;96;55.2;54;37.1;4.4;5.1;4.6;6.4;6.8;4;2.5;6.2;31.3;40.0;4.30;0.059;13.94;0.191;38.19;0.525;8.28;0.114;8.08;0.111;4.72;0.36;Mantener Composición Corporal;;;;
271;1/11/2023;15;18;74.95;184.5;98.7;39.7;27.8;17;28.3;6.9;9.9;54.5;31.8;34.8;27.7;97.5;79.7;95.7;59.5;53.2;34.2;6.4;7.6;4;7.2;10;5.9;2.8;8.9;41.1;52.8;4.07;0.054;15.74;0.210;38.77;0.517;8.50;0.113;7.87;0.105;4.93;0.41;Mantener Composición Corporal;;;;
272;1/11/2023;2;17;74.45;180;95.2;38.7;26.7;20.8;26.3;7.3;10;56.9;29;31.6;25.9;95.5;77.5;96.6;60.5;57;37.4;7.5;8.7;6.6;9;7.4;5.8;3.8;11.8;45;60.6;4.04;0.054;15.76;0.212;38.14;0.512;8.59;0.115;7.92;0.106;4.81;0.41;Mantener Composición Corporal;;;;
273;1/11/2023;24;18;73.15;179.5;97;36.6;28.9;22.3;28;7;10.2;54.5;29.5;31.3;26;96.4;77;96;59;55.4;37.4;8.3;10.3;5.9;11.6;13.9;6.2;3.2;13;56.2;72.4;3.90;0.053;17.29;0.236;35.84;0.490;8.85;0.121;7.27;0.099;4.93;0.48;Disminuir Masa Adiposa;;;;
274;1/11/2023;7;17;85.3;179.4;96.4;42.3;30.2;21.7;28.8;7.2;10.7;58.7;30.7;32.9;26.8;96.7;80.7;104.2;64.2;60.6;41.2;5;9.5;8.7;13.5;13;5.8;5;17.1;55.5;77.6;4.31;0.051;17.77;0.208;42.94;0.503;9.95;0.117;10.33;0.121;4.16;0.41;Disminuir Masa Adiposa;;;;
275;1/11/2023;21;18;77.35;184.5;98.4;38;30.8;20.3;30.3;7;10.3;57.2;30.7;33.4;27.6;98;75.8;97.7;59;55.6;37.5;8.7;8.2;7.2;9.6;12;8;3.7;9.3;53.7;66.7;4.06;0.053;17.95;0.232;38.16;0.493;8.72;0.113;8.46;0.109;4.51;0.47;Disminuir Masa Adiposa;;;;
276;1/11/2023;18;18;65.05;170;90.3;40.2;30;19.8;24.7;6.8;9;57.5;30.8;32.8;26.7;93.6;71;88.5;56.5;53.8;34.6;5.6;5.1;8.2;9.1;9.9;6;3.5;8.8;43.9;56.2;3.52;0.054;12.97;0.199;33.91;0.521;7.39;0.114;7.27;0.112;4.66;0.38;Mantener Composición Corporal;;;;
277;1/11/2023;26;;62.25;167.8;88;39.5;29.4;21.5;26.3;6.7;9.6;53.9;27.4;29.3;25;94.5;75.4;90.5;55.5;53.5;34.9;8.5;9.1;6.3;9.7;8.9;5.7;3.2;9.7;48.2;61.1;3.35;0.054;12.99;0.209;30.66;0.493;8.03;0.129;7.21;0.116;4.25;0.42;Mantener Composición Corporal;;;;
278;1/11/2023;22;16;62.85;174.4;94;37.3;26.9;19.2;25.7;6.9;9;55.4;28.8;30.5;25.8;90.6;71.5;91.5;55;50.3;34.7;7.4;6.7;5.1;6.6;10.2;5.3;3.4;7.6;41.3;52.3;3.63;0.058;13.73;0.218;31.73;0.505;7.18;0.114;6.59;0.105;4.82;0.43;Mantener Composición Corporal;;;;
279;1/11/2023;29;17;65.65;163.35;88;39.1;26;18.2;24.4;6.7;9.2;53.9;32.8;34.8;28;92.4;72.8;91.4;58.8;56.1;38.5;6.3;8.4;5.1;6.8;8.8;6.1;3.2;7.2;41.5;51.9;3.50;0.053;11.65;0.177;36.64;0.558;6.97;0.106;6.89;0.105;5.32;0.32;Mantener Composición Corporal;;;;
280;1/11/2023;19;18;64.05;175.3;92.3;38.7;26.8;19.3;27.4;6.65;9.2;55.7;28;30.7;25;88.2;76;92;54;52.1;35.2;7.3;8.6;7.8;16;10.8;5.6;3.2;11.6;56.1;70.9;3.64;0.057;16.41;0.256;29.28;0.457;7.40;0.116;7.32;0.114;4.00;0.56;Disminuir Masa Adiposa;;;;
281;1/11/2023;17;16;66.25;170.1;92.4;37.1;26.9;20.7;25.8;6.8;9.8;54.6;28.6;31.6;25.7;92.7;76.3;92.1;56.6;54.5;36.4;5.7;7.6;6.4;12.1;10;7.7;4;10.2;49.5;63.7;3.63;0.055;14.25;0.215;33.37;0.504;8.00;0.121;6.99;0.106;4.77;0.43;Mantener Composición Corporal;;;;
282;1/11/2023;20;17;87.4;181.4;98.5;40.3;30;21.5;28.2;7.5;10.1;58.7;33.5;35.8;29.3;105.3;83;103;66;63;42;6;8.8;5.9;13.3;8.1;4.7;3.4;16.2;46.8;66.4;4.16;0.048;15.70;0.180;48.78;0.558;9.89;0.113;8.86;0.101;5.51;0.32;Mantener Composición Corporal;;;;
283;1/11/2023;23;1;77.05;181;96.2;37.8;28.5;17.8;27.8;6.8;10.1;57.5;33.7;36;28.5;93.8;75.5;101;60;57.5;36.7;8.8;10.1;7.5;7.9;13;5.9;4;13.9;53.2;71.1;4.15;0.054;17.67;0.229;39.22;0.509;8.07;0.105;7.94;0.103;4.94;0.45;Mantener Composición Corporal;;;;
284;1/11/2023;11;18;67.1;169.3;93.5;37.3;27.7;18.8;26;7;9.8;54.7;29.6;31.5;27.3;90.7;73;96.8;58;54.2;35.8;6.8;7.5;5.2;11.8;8;5.9;4.1;9.5;45.2;58.8;3.72;0.055;13.67;0.204;34.95;0.521;7.37;0.110;7.39;0.110;4.73;0.39;Mantener Composición Corporal;;;;
285;1/11/2023;10;17;74.85;176;91;40.4;29;20.3;25.8;7.1;9.7;55;30.5;33.3;27.8;94.2;77;98.7;61;57.5;37.5;6.4;8.4;7.7;11;9.7;4.8;3.5;10.5;48;62.0;3.98;0.053;15.42;0.206;38.98;0.521;8.58;0.115;7.89;0.105;4.94;0.40;Mantener Composición Corporal;;;;
286;1/11/2023;12;18;76.35;183.1;99.2;39.9;28;20.9;28.8;7.2;10.5;57;29.4;32.4;26.6;94.8;73.5;94.6;58.3;54.5;40.2;7;10;8;8.5;11.5;6.5;3;12;51.5;66.5;4.11;0.054;17.58;0.230;37.61;0.493;8.02;0.105;9.03;0.118;4.17;0.47;Mantener Composición Corporal;;;;
287;1/11/2023;25;17;70.7;174.7;92.4;39.4;28.8;19.2;27.2;6.5;9.7;56;29.5;31.5;25.6;92.1;74.4;94.7;56.4;53.2;34;12;10;8;17;12;8;4;18;67;89.0;3.93;0.056;18.89;0.267;32.19;0.455;7.69;0.109;7.99;0.113;4.03;0.59;Disminuir Masa Adiposa;;;;
288;1/11/2023;14;16;65.8;169;91;40;29.8;19.7;26.8;6.8;9.8;56.7;28.2;30.1;24.9;97.2;74.9;92.8;55.3;52.4;34.8;8.8;7.8;5.8;7.5;8.9;5.8;3.5;9.6;44.6;57.7;3.55;0.054;13.02;0.198;32.91;0.500;8.19;0.124;8.13;0.123;4.05;0.40;Mantener Composición Corporal;;;;
289;1/11/2023;28;16;78;181.7;95.2;44.2;29.3;19.4;27.9;6.3;10.3;58.9;30.3;33.6;26.5;98.2;76;102;60;57.8;38;7.7;6;4.7;6.4;4.9;4.7;2.8;6.8;34.4;44.0;4.16;0.053;14.10;0.181;41.28;0.529;8.70;0.112;9.76;0.125;4.23;0.34;Mantener Composición Corporal;;;;
290;1/11/2023;16;16;63.3;162.3;86.2;39.2;27.8;17.4;26.5;6.4;9.2;55.2;29.3;32.3;27.7;87.6;73;90.5;53.3;52.7;37.5;7.3;7.6;9.5;12.4;10.9;6.5;3.1;16.7;54.2;74.0;3.51;0.055;13.69;0.216;31.52;0.498;6.99;0.110;7.60;0.120;4.15;0.43;Disminuir Masa Adiposa;;;;
291;1/11/2023;8;18;68.5;172.1;93.4;39.5;30.5;18.1;28.6;6.5;9.2;56.5;30.5;32.3;25;91.6;74.8;91.2;53.6;51.3;35.5;9.5;10.1;9.7;14.4;10.8;9.1;5.3;17;63.6;85.9;3.77;0.055;17.33;0.253;31.35;0.458;7.91;0.115;8.14;0.119;3.85;0.55;Disminuir Masa Adiposa;;;;
292;1/11/2023;3;;73.8;176.4;94.1;39.3;29.7;19.5;28;7.5;10.25;56.7;31.3;33.8;28.3;93;76;97.5;58.3;56;38.5;6.8;7.8;4.9;8.9;10;4.8;3.7;8;43.2;54.9;3.93;0.053;14.52;0.197;38.00;0.515;8.52;0.115;8.83;0.120;4.30;0.38;Mantener Composición Corporal;;;;
293;1/11/2023;1;18;65.5;176.8;92;39.4;28.3;18.3;27;6.7;9.4;58;26.6;30;24.2;90.6;70.5;92.7;51.8;50.5;34.2;4.4;5.9;3.6;5.1;5;3.8;2.5;4.9;27.8;35.2;4.04;0.062;12.74;0.195;32.47;0.496;7.77;0.119;8.47;0.129;3.83;0.39;Aumentar Masa Muscular;;;;
294;1/11/2023;58;17;70.9;172.3;88;39;30;19.8;27;6;9.6;54;30.8;33;26.2;95.8;78;94;58;55.7;36.2;9;6.7;5.7;11.7;9.4;6;4;12.5;48.5;65.0;3.81;0.054;14.67;0.207;36.62;0.516;8.62;0.122;7.18;0.101;5.10;0.40;Mantener Composición Corporal;;;;
295;02/01/2024;5;16;72;179;87.1;39.6;27.7;20.2;28.1;7.2;10.6;57.1;29.7;32.8;26.6;95.2;71.7;95.6;56.2;55;36.6;4.8;6.4;5.4;6.4;7.6;5.4;;;36;;3.96;0.056;13.71;0.194;36.66;0.518;7.46;0.106;8.94;0.126;4.10;0.37;;;;;
296;19/01/2024;5;16;72.8;179;87.1;39.6;27.7;20.2;28.1;7.2;10.6;57.1;29.9;32.7;26.7;94.6;72;96.8;57.2;56.1;37.2;4.6;5.8;6;6.6;5;5;;;33;;3.96;0.056;13.15;0.184;37.75;0.529;7.50;0.105;8.94;0.125;4.22;0.35;;;;;
297;09/02/2024;5;16;72.5;179;87.1;39.6;27.7;20.2;28.1;7.2;10.6;57.1;29.7;33;26.3;94.2;72.5;97.2;56.9;56;37.2;5.2;6;5.6;7.4;5;4.6;;;33.8;;3.96;0.056;13.30;0.188;37.13;0.524;7.54;0.106;8.94;0.126;4.15;0.36;;;;;
298;07/03/2024;5;16;72.4;179;87.1;39.6;27.7;20.2;28.1;7.2;10.6;57.1;29.4;32.8;26.5;94.6;71.4;98.4;56.4;55.3;37.2;5;6;6;7;6;5;;;35;;3.96;0.056;13.52;0.191;36.88;0.522;7.38;0.104;8.94;0.127;4.12;0.37;;;;;
299;02/04/2024;5;16;72.8;180;87.4;39.6;27.7;20.2;28.1;7.2;10.6;57.1;29.6;32.5;26.8;95.4;72;98.4;56.8;56.2;37.2;5.2;6;5.2;6.4;6.6;5;;;34.4;;3.96;0.055;13.60;0.190;37.55;0.525;7.52;0.105;8.90;0.125;4.22;0.36;Disminuir Masa Adiposa;1000;Se debe disminuir el porcentaje de tejido adiposo. Obj Final +1 Kg m. muscular y '-2 Kg t adiposo;;
300;03/01/2024;321;17;70.6;171;83.8;40.3;26.2;22.7;27.4;7.4;10;55.6;30.3;33.4;26.6;95.3;78.4;96.5;55.5;54.5;35.5;8.2;8.4;9;14.6;11.6;4.2;;;56;;3.74;0.053;15.62;0.220;34.70;0.489;8.10;0.114;8.75;0.123;3.97;0.45;;;;;
301;18/01/2024;321;17;70.5;171;83.8;40.3;26.2;22.7;27.4;7.4;10;55.6;30.5;33.6;26.6;95.2;75.9;96.1;57.3;54.4;35.8;8;8.4;9;11;10.4;4;;;50.8;;3.74;0.053;14.74;0.208;35.78;0.505;7.89;0.111;8.75;0.123;4.09;0.41;;;;;
302;09/02/2024;321;17;69.7;171;83.8;40.3;26.2;22.7;27.4;7.4;10;55.6;30.3;33.6;26.6;95.6;77;96.2;55.9;53.6;35.4;7.4;8;9.6;12;10.6;4.2;;;51.8;;3.74;0.053;14.91;0.211;35.21;0.499;8.01;0.114;8.75;0.124;4.02;0.42;;;;;
303;08/03/2024;321;17;70.2;171;83.8;40.3;26.2;22.7;27.4;7.4;10;55.6;30.6;33.6;26.7;94.8;77;97.2;56.6;54.4;35.6;7;7.4;9.6;10.8;10.4;4.2;;;49.4;;3.74;0.053;14.50;0.205;35.56;0.504;8.07;0.114;8.75;0.124;4.06;0.41;;;;;
304;09/04/2024;321;17;69.4;171;83.8;40.3;26.2;22.7;27.4;7.4;10;55.6;30.3;34.3;27;95;75.3;96.6;55;54.5;35.8;6;7;7.8;8.4;8.2;3.6;;;41;;3.74;0.054;13.07;0.189;35.61;0.515;7.93;0.115;8.75;0.127;4.07;0.37;Disminuir Masa Adiposa;500;Se debe disminuir el porcentaje de tejido adiposo. Obj final - 3 Kg;;
305;03/01/2024;310;1;76.1;181;96.2;41.7;28.6;22.3;29.6;7.3;10.3;56.6;31;34.2;27.9;99;79.8;96.6;57.3;57.8;38.8;5.6;5.8;5.4;8;7.2;2.8;;;34.8;;4.13;0.052;13.87;0.176;41.43;0.525;9.71;0.123;9.72;0.123;4.26;0.33;;;;;
306;24/01/2024;310;1;78.4;181;96.2;41.7;28.6;22.3;29.6;7.3;10.3;56.6;32;34.7;28.4;98.7;78.2;97.6;59.4;58.8;38.9;5.6;5.8;6.2;7.2;7.2;2.8;;;34.8;;4.13;0.052;13.87;0.173;42.94;0.536;9.44;0.118;9.72;0.121;4.42;0.32;;;;;
307;09/02/2024;310;1;77.4;181;96.2;41.7;28.6;22.3;29.6;7.3;10.3;56.6;31.6;34.8;28.4;99.2;78;96.8;58.6;59.3;38.9;5.2;5.8;6.8;7.2;7.2;3;;;35.2;;4.13;0.052;13.94;0.175;42.66;0.534;9.40;0.118;9.72;0.122;4.39;0.33;;;;;
308;22/02/2024;310;1;78.2;181;96.2;41.7;28.6;22.3;29.6;7.3;10.3;56.6;32.2;34.8;28.5;98.7;80.4;100.1;59.6;59.7;39.6;5;5.8;6.2;6.4;7;3;;;33.4;;4.13;0.051;13.60;0.168;43.56;0.538;9.94;0.123;9.72;0.120;4.48;0.31;;;;;
309;07/03/2024;310;1;77.7;181;96.2;41.7;28.6;22.3;29.6;7.3;10.3;56.6;31.7;34.8;28.6;100.4;81.8;98.6;59.4;58.9;39.2;5.8;6;5.6;7;7.4;3;;;34.8;;4.13;0.051;13.87;0.170;43.68;0.536;10.18;0.125;9.72;0.119;4.49;0.32;;;;;
310;15/03/2024;310;1;78.2;181;96.2;41.7;28.6;22.3;29.6;7.3;10.3;56.6;31.4;35.2;28.7;101.1;79.8;100.1;59;58.4;39.4;5.4;6.2;6.4;6;7.2;2.8;;;34;;4.13;0.051;13.72;0.169;43.89;0.540;9.84;0.121;9.72;0.120;4.52;0.31;;;;;
311;05/04/2024;310;1;79.4;181;96.2;41.7;28.6;22.3;29.6;7.3;10.3;56.6;32.2;35.2;29;102;80.6;99.6;60.1;59.4;39.3;5.6;6.2;7;9;7.2;3.2;;;38.2;;4.13;0.050;14.52;0.174;45.14;0.542;9.81;0.118;9.72;0.117;4.64;0.32;Mantener Composición Corporal;0;El jugador mantiene una buena composición.;;
312;02/01/2024;21;18;75.8;184.5;98.2;38.8;29.9;22.1;29.8;7;9.9;57.3;30.1;33.1;27.3;98.1;76;94.6;58.2;57.7;36.8;8.8;8.6;9.8;12.4;12.8;6.8;;;59.2;;4.14;0.053;19.38;0.246;37.79;0.480;8.92;0.113;8.48;0.108;4.46;0.51;;;;;
313;19/01/2024;21;18;75.4;184.5;98.2;38.8;29.9;22.1;29.8;7;9.9;57.3;29.6;33.4;27.3;100.1;75.7;94.7;57.8;57;37.1;7.4;7.6;7.8;9.4;10.6;5.4;;;48.2;;4.14;0.053;17.20;0.220;39.31;0.503;9.06;0.116;8.48;0.108;4.64;0.44;;;;;
314;09/02/2024;21;18;75.6;184.5;98.2;38.8;29.9;22.1;29.8;7;9.9;57.3;29.4;33.4;27.4;99.7;76.2;96.4;58.3;57.8;36.7;7.6;7.2;7.2;8.2;9.8;6.2;;;46.2;;4.14;0.053;16.81;0.216;39.16;0.503;9.24;0.119;8.48;0.109;4.62;0.43;;;;;
315;12/03/2024;21;18;77.2;184.5;98.2;38.8;29.9;22.1;29.8;7;9.9;57.3;30.4;34.3;27.7;101.3;76.1;97.8;59.3;58.7;37.2;7;7.2;6.8;8.6;9.4;5.8;;;44.8;;4.14;0.052;16.53;0.207;41.39;0.519;9.19;0.115;8.48;0.106;4.88;0.40;;;;;
316;09/04/2024;21;18;77.1;184.5;98.2;38.8;29.9;22.1;29.8;7;9.9;57.3;29.7;33.4;27.4;101.6;77.1;96.6;58.3;58.3;37.4;6.8;7.8;7.6;9.8;11.2;5.8;;;49;;4.14;0.052;17.36;0.218;40.38;0.507;9.32;0.117;8.48;0.106;4.76;0.43;Aumentar Masa Muscular;1000;El porcentaje de t adiposo puede elevarse como consecuencia de una m muscular dimisnuída. Obj final -3 Kg t. adiposo + 3 Kg m.muscular;;
317;03/01/2024;303;16;74;179.5;93.3;41.3;29.3;20.7;26.8;7.2;10;54.8;29.7;32.6;26.4;95.2;79.9;97.6;57.4;55.6;36.8;8.6;8.6;8.8;11.8;9;4.2;;;51;;3.98;0.053;16.61;0.223;36.35;0.487;9.22;0.124;8.41;0.113;4.32;0.46;;;;;
318;18/01/2024;303;16;73.6;179.5;93.3;41.3;29.3;20.7;26.8;7.2;10;54.8;29.4;33.1;26;96.1;78.4;97.1;57.1;56.2;37.2;8.2;8.4;8.4;10.4;8;4;;;47.4;;3.98;0.054;15.94;0.215;36.73;0.496;9.02;0.122;8.41;0.114;4.37;0.43;;;;;
319;08/02/2024;303;16;73.5;179.5;93.3;41.3;29.3;20.7;26.8;7.2;10;54.8;29.3;32.4;26.4;97.4;77.3;96.6;56.6;56.6;37.6;7.8;7.6;7.6;8.6;8;4.2;;;43.8;;3.98;0.054;15.26;0.206;37.53;0.506;8.91;0.120;8.41;0.113;4.46;0.41;;;;;
320;08/03/2024;303;16;74.3;179.5;93.3;41.3;29.3;20.7;26.8;7.2;10;54.8;29.3;32.6;26;97;81.4;97.1;57.4;56.6;37.4;8;6.8;6.8;7.8;7.4;4.2;;;41;;3.98;0.053;14.74;0.198;37.60;0.505;9.73;0.131;8.41;0.113;4.47;0.39;;;;;
321;09/04/2024;303;16;74;179.5;93.3;41.3;29.3;20.7;26.8;7.2;10;54.8;29;32.3;26;98;79.9;98;57.6;56;37.5;7.8;7.6;7.6;8.4;7.2;4.2;;;42.8;;3.98;0.053;15.08;0.201;37.99;0.507;9.42;0.126;8.41;0.112;4.52;0.40;Disminuir Masa Adiposa;1000;El porcentaje de t adiposo puede elevarse como consecuencia de una m muscular dimisnuída. Obj final +2 Kg m. muscular y -4 Kg t. adiposo;;
322;02/01/2024;613;18;75.2;176.6;87.1;43.4;29.7;23.4;28.2;6.8;9.7;55.8;31.8;35.8;27.6;97.2;78.7;95.6;58;56.2;37.3;5;8.2;6;6.8;5.8;3.4;;;35.2;;3.91;0.052;13.11;0.173;40.01;0.529;9.45;0.125;9.20;0.122;4.35;0.33;;;;;
323;19/01/2024;613;18;72.4;176.6;87.1;43.4;29.7;23.4;28.2;6.8;9.7;55.8;31.8;35;27.2;97.8;79;95.2;57.4;56.3;37;4.6;7.2;5.6;5.6;5.6;3.2;;;31.8;;3.91;0.052;12.49;0.166;39.95;0.532;9.56;0.127;9.20;0.122;4.34;0.31;;;;;
324;09/02/2024;613;18;72.5;176.6;87.1;43.4;29.7;23.4;28.2;6.8;9.7;55.8;31.8;35;27.2;98.4;77.2;95.4;56.8;56.7;36.8;4.4;7.2;4.8;5.6;5.2;3;;;30.2;;3.91;0.052;12.20;0.164;39.97;0.536;9.26;0.124;9.20;0.123;4.34;0.31;;;;;
325;08/03/2024;613;18;72.8;176.6;87.1;43.4;29.7;23.4;28.2;6.8;9.7;55.8;32;35.4;27.8;98.6;78.8;94.4;56.6;56.6;36.6;4.4;7.4;4.8;5.2;5;3;;;29.8;;3.91;0.052;12.13;0.162;40.23;0.536;9.54;0.127;9.20;0.123;4.37;0.30;;;;;
326;04/04/2024;613;18;72.9;176.6;87.1;43.4;29.7;23.4;28.2;6.8;9.7;55.8;31.8;35.2;27.2;97.9;78;94.6;57.7;56.8;36.7;4.2;7.4;5.2;4.8;5;3;;;29.6;;3.91;0.052;12.09;0.162;40.12;0.537;9.43;0.126;9.20;0.123;4.36;0.30;Mantener Composición Corporal;0;El jugador mantiene una buena composición.;;
327;03/01/2024;316;16;72.1;177.2;92.2;39.3;28.4;20.7;26.8;7.2;10;56.5;30.4;34.6;26.2;94.6;75.6;95.8;56.6;55.4;35.8;6.6;8.8;8.4;18.4;6.8;4.8;;;53.8;;3.89;0.054;16.61;0.229;35.91;0.496;7.83;0.108;8.16;0.113;4.40;0.46;;;;;
328;18/01/2024;316;16;71.3;177.2;92.2;39.3;28.4;20.7;26.8;7.2;10;56.5;30.3;33.8;26;93.6;73.8;94.8;56;55;36.3;6.2;8.8;9.6;12.6;6.6;5;;;48.8;;3.89;0.055;15.70;0.221;35.37;0.498;7.83;0.110;8.16;0.115;4.33;0.44;;;;;
329;06/02/2024;316;16;70.5;177.2;92.2;39.3;28.4;20.7;26.8;7.2;10;56.5;29.7;33.2;25.8;93.4;74.5;92.7;55.7;54.4;35.8;5.8;8.2;7.8;12;6.6;4.4;;;44.8;;3.89;0.056;14.97;0.214;34.81;0.499;8.00;0.114;8.16;0.117;4.27;0.43;;;;;
330;07/03/2024;316;16;70.9;177.2;92.2;39.3;28.4;20.7;26.8;7.2;10;56.5;30;33.9;25.8;93.4;75;93;56.2;54.8;36.4;6;7.8;7.4;11.8;6.4;4.2;;;43.6;;3.89;0.055;14.75;0.210;35.49;0.504;8.10;0.115;8.16;0.116;4.35;0.42;;;;;
331;05/04/2024;316;16;71.7;177.2;92.2;39.3;28.4;20.7;26.8;7.2;10;56.5;30.6;34.4;26.2;94.4;73.4;93.5;56.7;55.4;36.3;6.2;8;7.2;10.6;6.2;4.8;;;43;;3.89;0.055;14.64;0.206;36.41;0.513;7.87;0.111;8.16;0.115;4.46;0.40;Disminuir Masa Adiposa;1000;Se debe disminuir el porcentaje de t. adiposo. Obj final: - 3 Kg T. adiposo;;
332;03/01/2024;614;18;78.8;186;97.6;41.2;28.1;24.2;26.8;7.4;10.1;56.6;29.8;32.8;27.8;96.6;77.5;99.6;56.4;55.4;37.1;6;8.8;7.2;12.6;5;4.4;;;44;;4.28;0.055;16.71;0.217;38.38;0.498;9.28;0.120;8.50;0.110;4.52;0.44;;;;;
333;18/01/2024;614;18;80;186;97.6;41.2;28.1;24.2;26.8;7.4;10.1;56.6;30.2;32.5;27.8;97.5;76.5;99.6;57.5;56.4;37.2;6;7.4;7;10.8;4.8;4.6;;;40.6;;4.28;0.055;16.02;0.206;39.76;0.511;9.19;0.118;8.50;0.109;4.68;0.40;;;;;
334;08/02/2024;614;18;80.9;186;97.6;41.2;28.1;24.2;26.8;7.4;10.1;56.6;30.3;33.4;28;96.7;78;100.5;59;57.1;37.6;5.4;7.6;5.8;10;5.4;4.8;;;39;;4.28;0.055;15.70;0.200;40.36;0.515;9.55;0.122;8.50;0.108;4.75;0.39;;;;;
335;08/03/2024;614;18;81.9;186;97.6;41.2;28.1;24.2;26.8;7.4;10.1;56.6;31;33.6;28.4;96.8;78.3;101;57.5;56;37.4;5.2;8;6.6;9.8;5;4;;;38.6;;4.28;0.055;15.62;0.200;40.28;0.514;9.62;0.123;8.50;0.109;4.74;0.39;;;;;
336;05/04/2024;614;18;82.4;186;97.6;41.2;28.1;24.2;26.8;7.4;10.1;56.6;31.5;33.2;28.2;96.6;77.2;100.9;57.5;57;37.5;5.4;8.2;5.6;9;5.2;4.2;;;37.6;;4.28;0.055;15.42;0.198;40.25;0.517;9.45;0.121;8.50;0.109;4.74;0.38;Aumentar Masa Muscular;1000;El porcentaje de t adiposo puede elevarse como consecuencia de una m muscular dimisnuída. Obj final +2 Kg m. muscular - 2 Kg T. adiposo;;
337;04/01/2024;615;1;79.5;188;96.9;42.6;29.3;22.1;27.2;7.2;10.3;56.2;30.6;33.9;27.6;97.1;78.8;101.3;57.5;55.5;36.4;8.4;9.6;12.4;22;13.6;4.8;;;70.8;;4.27;0.052;22.65;0.277;37.28;0.456;8.74;0.107;8.90;0.109;4.19;0.61;;;;;
338;18/01/2024;615;1;81.8;188;96.9;42.6;29.3;22.1;27.2;7.2;10.3;56.2;30.9;34.4;27.6;99.6;79.2;98.1;58.8;55.2;36.7;7.8;9;10.6;18.4;8.8;4.6;;;59.2;;4.27;0.052;20.27;0.245;40.32;0.487;9.05;0.109;8.90;0.107;4.53;0.50;;;;;
339;08/02/2024;615;1;79.3;188;96.9;42.6;29.3;22.1;27.2;7.2;10.3;56.2;31.2;34.4;27.2;98.5;78.6;99;58.3;55.5;36.7;7.8;8.6;10.4;16.6;8.8;4.8;;;57;;4.27;0.052;19.82;0.243;39.54;0.485;9.05;0.111;8.90;0.109;4.44;0.50;;;;;
340;08/03/2024;615;1;80.3;188;96.9;42.6;29.3;22.1;27.2;7.2;10.3;56.2;30.7;34.7;27.6;100.2;77.4;97.7;57.5;55.9;36.4;8.2;8.6;12.4;16;8.8;4.2;;;58.2;;4.27;0.052;20.07;0.245;39.81;0.486;8.84;0.108;8.90;0.109;4.47;0.50;;;;;
341;05/04/2024;615;1;80.4;188;96.9;42.6;29.3;22.1;27.2;7.2;10.3;56.2;32;35;27.4;101.6;77.2;98.9;57.8;56;36.5;7.8;8.2;13.2;14.6;9;4.2;;;57;;4.27;0.051;19.82;0.238;41.29;0.496;8.89;0.107;8.90;0.107;4.64;0.48;Aumentar Masa Muscular;1500;El porcentaje de t adiposo puede elevarse como consecuencia de una m muscular dimisnuída. Obj final+ 4 Kg m. muscular y  - 5 Kg t. adiposo.;;
342;03/01/2024;301;18;86.5;189.5;97;44;31;23;29.9;7;10;56.3;32.1;36;26.8;106.2;86.3;100.6;58.6;57.2;36.1;9.2;6.8;8.6;12.2;8.2;4.4;;;49.4;;4.45;0.051;18.62;0.212;43.61;0.496;11.43;0.130;9.80;0.111;4.45;0.43;;;;;
343;18/01/2024;301;18;86.2;189.5;97;44;31;23;29.9;7;10;56.3;32.4;36.3;27.1;106.1;85.6;100.6;59.6;58.5;36.4;9;6.4;7.2;9.8;7.4;4;;;43.8;;4.45;0.051;17.45;0.199;44.77;0.509;11.44;0.130;9.80;0.111;4.57;0.39;;;;;
344;08/02/2024;301;18;86.9;189.5;97;44;31;23;29.9;7;10;56.3;32.4;36.9;27.4;104.9;85.9;100.6;59.1;58.2;36.8;7.8;6.6;6.4;9.4;8;5;;;43.2;;4.45;0.051;17.33;0.198;44.19;0.506;11.53;0.132;9.80;0.112;4.51;0.39;;;;;
345;07/03/2024;301;18;87.9;189.5;97;44;31;23;29.9;7;10;56.3;32.4;36.6;27.1;107.4;85.1;101.2;59.5;58.3;36.9;7.6;6.8;6.4;9;7.2;4.8;;;41.8;;4.45;0.050;17.03;0.193;45.66;0.517;11.39;0.129;9.80;0.111;4.66;0.37;;;;;
346;05/04/2024;301;18;87.5;189.5;97;44;31;23;29.9;7;10;56.3;32.2;36.6;27.2;108.2;86.4;101.6;58.4;59.1;36.5;7.8;6.6;6;9.4;7.2;4.2;;;41.2;;4.45;0.050;16.91;0.192;45.36;0.515;11.63;0.132;9.80;0.111;4.63;0.37;Disminuir Masa Adiposa;1500;Se debe disminuir el porcentaje de tejido adiposo. Obj Final - 3 Kg;;
347;02/01/2024;58;17;67.8;171.2;80.8;40.2;26.6;19.8;26.4;7.6;9.8;54.4;30.2;33.3;26.3;93.1;74.8;93.6;57.3;56.4;35.8;8.2;6.2;9.8;11.2;12.4;5.2;;;53;;3.76;0.055;15.15;0.220;34.57;0.501;7.17;0.104;8.31;0.121;4.16;0.44;;;;;
348;19/01/2024;58;17;68.9;171.2;80.8;40.2;26.6;19.8;26.4;7.6;9.8;54.4;30.6;33.6;26.6;94.5;75;94.6;58.5;57.6;35.9;8;6.8;8;10.8;10.8;5.6;;;50;;3.76;0.054;14.64;0.209;36.02;0.515;7.22;0.103;8.31;0.119;4.33;0.41;;;;;
349;09/02/2024;58;17;68.9;171.2;80.8;40.2;26.6;19.8;26.4;7.6;9.8;54.4;30.6;32.9;25.9;94.5;74.8;94.7;57.3;57;35.9;9.2;6.2;9.2;10.6;9.2;5.2;;;49.6;;3.76;0.054;14.58;0.210;35.44;0.511;7.20;0.104;8.31;0.120;4.26;0.41;;;;;
350;07/03/2024;58;17;69.3;171.2;80.8;40.2;26.6;19.8;26.4;7.6;9.8;54.4;30.4;33.6;26.2;94.3;75;95.5;57.5;57.4;36.2;8.4;7.2;9.6;11.8;10;5.4;;;52.4;;3.76;0.054;15.05;0.216;35.45;0.508;7.17;0.103;8.31;0.119;4.27;0.42;;;;;
351;02/04/2024;58;17;69.2;172.4;81.3;40.2;26.6;19.8;26.4;7.6;9.8;54.4;30.5;33.7;26.4;95.6;73.8;95;57.9;56.8;36.2;8;6.8;9.6;10.8;10;5;;;50.2;;3.76;0.053;14.93;0.212;36.49;0.517;7.08;0.100;8.28;0.117;4.41;0.41;Aumentar Masa Muscular;1000;El porcentaje de t adiposo puede elevarse como consecuencia de una m muscular dimisnuída. Obj final -2 Kg t. adiposo.  + 3 Kg m. muscular;;
352;03/01/2024;320;16;68.2;171.5;89;40.8;29.9;22.6;24.9;6.8;9.9;54.6;28.2;32.6;27.3;95.5;75.9;93.2;55.9;55.6;37.6;3.8;6.2;3.6;4.2;4.2;2.8;;;24.8;;3.76;0.055;10.40;0.152;37.19;0.545;9.15;0.134;7.74;0.113;4.80;0.28;;;;;
353;24/01/2024;320;16;70.3;171.5;89;40.8;29.9;22.6;24.9;6.8;9.9;54.6;28.8;32.8;27.4;96.8;75.7;93.8;57.2;56.9;37.7;3.6;6.2;3.2;4.2;4;2.8;;;24;;3.76;0.054;10.27;0.148;38.59;0.555;9.11;0.131;7.74;0.111;4.99;0.27;;;;;
354;16/02/2024;320;16;70.6;171.5;89;40.8;29.9;22.6;24.9;6.8;9.9;54.6;28.5;32.6;26.8;96.4;76;94.2;57.8;57.5;38.3;3.4;6;3.2;4.2;4;2.8;;;23.6;;3.76;0.054;10.20;0.147;38.60;0.556;9.17;0.132;7.74;0.111;4.99;0.26;;;;;
355;07/03/2024;320;16;70.1;171.5;89;40.8;29.9;22.6;24.9;6.8;9.9;54.6;28.7;32.6;26.7;96.4;76.2;94.6;56.8;57.4;38.4;3.6;6.2;3.6;4.8;4;2.8;;;25;;3.76;0.054;10.44;0.150;38.23;0.551;9.17;0.132;7.74;0.112;4.94;0.27;;;;;
356;05/04/2024;320;16;70;171.5;89;40.8;29.9;22.6;24.9;6.8;9.9;54.6;28.5;32.4;26.8;95.8;76.6;93.7;56.6;56.8;37.8;3.4;6;3.6;4.6;3.8;3;;;24.4;;3.76;0.055;10.33;0.150;37.68;0.548;9.25;0.134;7.74;0.113;4.87;0.27;Mantener Composición Corporal;0;El jugador mantiene una buena composición.;;
357;06/02/2024;277;16;65.2;168.7;93.2;39.4;27.3;18.3;26.7;7;9.8;55.4;29;31.4;25.9;90.9;70.7;95.4;56.5;56.6;36.3;5.8;5.8;5.4;6.6;5;4.4;;;33;;3.62;0.056;11.32;0.177;34.14;0.533;6.96;0.109;8.07;0.126;4.23;0.33;;;;;
358;08/03/2024;277;16;65.9;168.7;93.2;39.4;27.3;18.3;26.7;7;9.8;55.4;28.6;31.4;26.3;90.4;72.2;96.3;57.2;56.3;36.4;5.6;5.4;5.4;6;5.2;4.2;;;31.8;;3.62;0.056;11.12;0.173;34.33;0.533;7.28;0.113;8.07;0.125;4.25;0.32;;;;;
359;09/04/2024;277;16;65.7;168.7;93.2;39.4;27.3;18.3;26.7;7;9.8;55.4;29;31.8;26.2;90.3;74;96.5;57;56.6;36.2;5.8;5.4;5.6;5.6;5.2;3.8;;;31.4;;3.62;0.056;11.06;0.171;34.27;0.530;7.64;0.118;8.07;0.125;4.25;0.32;Mantener Composición Corporal;0;El jugador mantiene una buena composición. ;;
360;02/01/2024;302;18;79.5;181.4;93.5;40.2;29.4;23.2;29.4;7;10;57.1;31.7;34.8;28.8;98.2;83;98.6;60.6;58.3;38;6.4;7;9.2;11.4;10.8;5.8;;;50.6;;4.10;0.050;16.96;0.207;41.73;0.509;10.33;0.126;8.94;0.109;4.67;0.41;;;;;
361;18/01/2024;302;18;79.7;181.4;93.5;40.2;29.4;23.2;29.4;7;10;57.1;31.5;34.8;28.6;99.1;84;99.1;61;59.3;38.4;4.8;7;9.2;9.8;9;5.6;;;45.4;;4.10;0.050;15.97;0.194;42.82;0.519;10.61;0.129;8.94;0.108;4.79;0.37;;;;;
362;08/02/2024;302;18;78.3;181.4;93.5;40.2;29.4;23.2;29.4;7;10;57.1;31.4;34.8;28.7;98.6;83.8;98.4;60.4;59.5;38.6;5;6.4;9;9.2;8.2;5.6;;;43.4;;4.10;0.050;15.59;0.191;42.58;0.520;10.61;0.130;8.94;0.109;4.76;0.37;;;;;
363;15/03/2024;302;18;78.6;181.4;93.5;40.2;29.4;23.2;29.4;7;10;57.1;31.2;34.9;28.4;98.6;82.8;99.7;59.7;58.7;37.8;5.6;6;7.4;8.4;8.6;5.4;;;41.4;;4.10;0.051;15.21;0.189;41.63;0.518;10.47;0.130;8.94;0.111;4.66;0.37;;;;;
364;05/04/2024;302;18;77.8;181.4;93.5;40.2;29.4;23.2;29.4;7;10;57.1;31.6;34.6;28.3;98.7;80.1;99.3;59.6;58.5;37.7;5.6;6;7.8;8.2;7.6;5.2;;;40.4;;4.10;0.051;15.02;0.188;41.89;0.524;9.97;0.125;8.94;0.112;4.69;0.36;Disminuir Masa Adiposa;1000;Se debe disminuir el porcentaje de tejido adiposo. Obj Final - 2.5 Kg;;
365;03/01/2024;315;18;81.5;182.7;94.9;44.1;32.6;20.6;28.9;7.1;10.2;55.6;32.8;36.9;27.6;104.3;82.7;95.8;59;59.2;39.2;4;6.8;4.6;5.4;4.6;3;;;28.4;;4.18;0.050;12.96;0.155;46.02;0.549;10.84;0.129;9.86;0.118;4.67;0.28;;;;;
366;24/01/2024;315;18;82.3;182.7;94.9;44.1;32.6;20.6;28.9;7.1;10.2;55.6;32.9;36.9;27.9;105.1;83.1;96.9;59.6;59.5;39.3;3.8;6.2;4.4;4.8;4.4;3;;;26.6;;4.18;0.049;12.61;0.149;47.02;0.556;10.95;0.129;9.86;0.117;4.77;0.27;;;;;
367;13/02/2024;315;18;80.2;182.7;94.9;44.1;32.6;20.6;28.9;7.1;10.2;55.6;33.2;36.5;27.4;105.5;82.6;96.6;58;57.8;38.8;3.2;6;4;4.2;4.2;2.8;;;24.4;;4.18;0.050;12.18;0.145;46.86;0.558;10.89;0.130;9.86;0.117;4.75;0.26;;;;;
368;20/02/2024;315;18;80.8;182.7;94.9;44.1;32.6;20.6;28.9;7.1;10.2;55.6;32.6;36.8;27.6;105.5;82.9;97.1;57.8;57.9;38.4;3.2;6.2;4;4.8;4.2;2.8;;;25.2;;4.18;0.050;12.34;0.148;45.85;0.551;10.91;0.131;9.86;0.119;4.65;0.27;;;;;
369;28/02/2024;315;18;80.2;182.7;94.9;44.1;32.6;20.6;28.9;7.1;10.2;55.6;32.9;37;27.7;104.9;85.1;97.5;57.7;57.7;38.6;3.2;6.2;4;4.6;4.6;3.2;;;25.8;;4.18;0.050;12.46;0.149;45.69;0.547;11.35;0.136;9.86;0.118;4.63;0.27;;;;;
370;07/03/2024;315;18;81.5;182.7;94.9;44.1;32.6;20.6;28.9;7.1;10.2;55.6;33.2;36.7;28.1;105.2;84.1;97.2;58.1;58.3;38.7;3.6;6.2;4.4;4.6;4.6;2.8;;;26.2;;4.18;0.050;12.53;0.149;46.37;0.551;11.16;0.133;9.86;0.117;4.70;0.27;;;;;
371;15/03/2024;315;18;80.6;182.7;94.9;44.1;32.6;20.6;28.9;7.1;10.2;55.6;34.2;37.1;27.9;105.3;81.9;97.2;58.7;58.4;38.7;3.6;6;4;4.8;4.2;2.6;;;25.2;;4.18;0.050;12.34;0.146;47.16;0.560;10.72;0.127;9.86;0.117;4.78;0.26;;;;;
372;09/04/2024;315;18;79.5;182.7;94.9;44.1;32.6;20.6;28.9;7.1;10.2;55.6;32.9;36.8;27.9;105.1;80.7;97.4;58.5;58.3;38.6;3.2;5.6;3.8;4.2;3.8;2.6;;;23.2;;4.18;0.050;11.95;0.144;46.52;0.560;10.52;0.127;9.86;0.119;4.72;0.26;Mantener Composición Corporal;0;El jugador mantiene una optima composición;;
373;03/01/2024;307;17;74.2;178.8;94.8;44.4;29.6;20.6;28.9;6.8;10.4;56.4;27.3;31.4;26.8;95.4;78.4;96.4;56.4;54.3;36.5;5.2;6.8;6.2;9.4;5.2;4.8;;;37.6;;3.99;0.054;13.97;0.190;36.13;0.493;9.17;0.125;10.08;0.137;3.58;0.39;;;;;
374;24/01/2024;307;17;75.2;178.8;94.8;44.4;29.6;20.6;28.9;6.8;10.4;56.4;27.2;31.2;26.9;94.9;79.6;97;56.6;55.7;36.6;5.2;7;7;10;4.8;3.8;;;37.8;;3.99;0.054;14.00;0.190;36.21;0.492;9.36;0.127;10.08;0.137;3.59;0.39;;;;;
375;16/02/2024;307;17;76.2;178.8;94.8;44.4;29.6;20.6;28.9;6.8;10.4;56.4;28.2;31.7;27.1;95.8;79.6;98.2;56.7;56.4;36.9;5.8;7.2;6.8;10.6;4.4;4.4;;;39.2;;3.99;0.053;14.26;0.191;37.16;0.497;9.33;0.125;10.08;0.135;3.69;0.38;;;;;
376;12/03/2024;307;17;75.5;178.8;94.8;44.4;29.6;20.6;28.9;6.8;10.4;56.4;28.2;31.7;27.2;96.4;79.8;99.2;57.3;56.1;36.7;5.6;7.4;6.4;11;5;5;;;40.4;;3.99;0.053;14.49;0.192;37.47;0.497;9.34;0.124;10.08;0.134;3.72;0.39;;;;;
377;09/04/2024;307;17;75;178.8;94.8;44.4;29.6;20.6;28.9;6.8;10.4;56.4;28.6;31.6;26.4;96.3;80.4;98.6;56.4;55.8;36.4;5.4;7;5.8;10;5;4;;;37.2;;3.99;0.054;13.89;0.187;36.95;0.496;9.52;0.128;10.08;0.135;3.67;0.38;Aumentar Masa Muscular;1000;El porcentaje de t adiposo puede elevarse como consecuencia de una m muscular dimisnuída. Obj final: '+4 Kg;;
378;06/02/2024;305;16;70.8;172;93.9;40.1;28.7;20.2;27.5;6.7;9.7;55.3;28.8;32.6;26.4;98.5;76.1;96.4;56.7;54.3;37.6;7.2;7.6;8;11.4;12;5.2;;;51.4;;3.79;0.053;15.05;0.209;36.75;0.510;8.33;0.116;8.15;0.113;4.51;0.41;;;;;
379;23/02/2024;305;16;71.3;172;93.9;40.1;28.7;20.2;27.5;6.7;9.7;55.3;29.4;32.4;26.2;98.1;75.8;96.6;57.3;54.9;37.8;6.6;7;7.6;9.6;11.2;5.2;;;47.2;;3.79;0.053;14.33;0.199;37.32;0.519;8.38;0.116;8.15;0.113;4.58;0.38;;;;;
380;08/03/2024;305;16;71.3;172;93.9;40.1;28.7;20.2;27.5;6.7;9.7;55.3;28.6;32.4;26.4;98.6;76;97.6;56.6;55.7;37.6;6.2;7.6;8;7.8;11;5.8;;;46.4;;3.79;0.053;14.19;0.198;36.84;0.515;8.52;0.119;8.15;0.114;4.52;0.39;;;;;
381;04/04/2024;305;16;70.8;172;93.9;40.1;28.7;20.2;27.5;6.7;9.7;55.3;28.9;32;25.9;99.5;75.5;97.4;56.9;54.8;37.4;6.2;7.2;7.8;7.6;9.8;5.8;;;44.4;;3.79;0.053;13.85;0.193;37.36;0.522;8.44;0.118;8.15;0.114;4.58;0.37;Disminuir Masa Adiposa;500;Se debe disminuir el t. adiposo Obj final -2 Kg;;
382;18/01/2024;617;17;78;180;86.6;43.3;28.3;26;29.2;7.2;9.8;54.5;31.4;34.7;27.6;96.6;77.6;97.6;57.6;57.2;38.2;5;7.6;10;14.8;5.8;3.4;;;46.6;;4.13;0.053;15.90;0.202;40.15;0.510;9.01;0.115;9.48;0.120;4.24;0.40;;;;;
383;08/02/2024;617;17;78.4;180;86.6;43.3;28.3;26;29.2;7.2;9.8;54.5;31.9;34.8;28.2;98.2;77.9;98.4;59;58.3;38.7;5;7.4;6.6;11.4;5;3.4;;;38.8;;4.13;0.052;14.43;0.181;42.31;0.532;9.24;0.116;9.48;0.119;4.46;0.34;;;;;
384;12/03/2024;617;17;79.7;180;86.6;43.3;28.3;26;29.2;7.2;9.8;54.5;31.7;35.7;28.3;99.1;77.2;99.8;59.1;58.2;39.1;4.6;7;8;9.4;4.6;3.4;;;37;;4.13;0.052;14.09;0.176;43.05;0.538;9.22;0.115;9.48;0.119;4.54;0.33;;;;;
385;09/04/2024;617;17;80.2;180;86.6;43.3;28.3;26;29.2;7.2;9.8;54.5;32.4;35.4;28;99.7;78.8;100.1;59.9;58.8;38.8;5;7.6;6.6;9.4;4.6;3.2;;;36.4;;4.13;0.051;13.98;0.173;43.60;0.540;9.48;0.118;9.48;0.118;4.60;0.32;Mantener Composición Corporal;0;El jugador mantiene una optima composición;;
386;11/01/2024;280;18;77.6;176.4;94.5;41.1;28.4;19.7;28.2;6.7;10.3;54.5;31.4;34.6;26.6;94.6;79.1;103;61.4;59.9;36.6;11;12;14.8;18.4;9.2;8.4;;;73.8;;4.00;0.051;20.04;0.257;37.03;0.474;8.34;0.107;8.69;0.111;4.26;0.54;;;;;
387;18/01/2024;280;18;77.7;176.4;94.5;41.1;28.4;19.7;28.2;6.7;10.3;54.5;31.4;34.6;26.5;96;78.9;102.6;61.2;59.9;36.8;11;12;13.6;17.8;7.8;6.6;;;68.8;;4.00;0.051;19.14;0.245;38.00;0.486;8.34;0.107;8.69;0.111;4.37;0.50;;;;;
388;24/01/2024;280;18;77.5;176.4;94.5;41.1;28.4;19.7;28.2;6.7;10.3;54.5;31.3;34.8;26.6;95.6;79.3;101.9;60.4;60.6;37;10.8;11.6;13.2;17.6;7.2;6.2;;;66.6;;4.00;0.052;18.74;0.241;37.79;0.487;8.43;0.109;8.69;0.112;4.35;0.50;;;;;
389;08/02/2024;280;18;77.5;176.4;94.5;41.1;28.4;19.7;28.2;6.7;10.3;54.5;32;35.2;26.9;95.4;79.4;100.8;59.7;60.3;37.3;9.2;10.8;13.6;17.2;7.4;4.6;;;62.8;;4.00;0.051;18.06;0.232;38.46;0.495;8.47;0.109;8.69;0.112;4.43;0.47;;;;;
390;16/02/2024;280;18;77.6;176.4;94.5;41.1;28.4;19.7;28.2;6.7;10.3;54.5;31.6;35.4;26.9;95.6;79;101.2;60.6;60.3;37.1;8.4;12.2;12.6;15.8;7.4;4.6;;;61;;4.00;0.052;17.73;0.229;38.59;0.498;8.48;0.109;8.69;0.112;4.44;0.46;;;;;
391;23/02/2024;280;18;77.8;176.4;94.5;41.1;28.4;19.7;28.2;6.7;10.3;54.5;31.8;34.8;26.7;96;79.6;102;60.6;60.4;37;8.2;11.4;12.6;15.8;7.2;5;;;60.2;;4.00;0.051;17.59;0.226;38.83;0.500;8.59;0.111;8.69;0.112;4.47;0.45;;;;;
392;07/03/2024;280;18;77.2;176.4;94.5;41.1;28.4;19.7;28.2;6.7;10.3;54.5;31.8;34.8;26.8;95.4;78.6;103;61.2;60.6;36.9;8;11.4;12.4;15;6.8;3.8;;;57.4;;4.00;0.052;17.08;0.221;39.06;0.505;8.45;0.109;8.69;0.112;4.50;0.44;;;;;
393;15/03/2024;280;18;77.5;176.4;94.5;41.1;28.4;19.7;28.2;6.7;10.3;54.5;32.4;35.2;26.7;95.2;78.7;103.2;60.6;59.4;36.8;9;11.4;12.6;15.2;7.2;4.4;;;59.8;;4.00;0.052;17.51;0.227;38.63;0.500;8.45;0.109;8.69;0.112;4.45;0.45;;;;;
394;21/03/2024;280;18;76.7;176.4;94.5;41.1;28.4;19.7;28.2;6.7;10.3;54.5;32;35.2;26.7;96;78.7;102.9;61;59.6;36.8;9.2;10;11;15.2;7.2;4.4;;;57;;4.00;0.052;17.01;0.220;39.13;0.506;8.45;0.109;8.69;0.112;4.50;0.43;;;;;
395;29/03/2024;280;18;76.8;176.4;94.5;41.1;28.4;19.7;28.2;6.7;10.3;54.5;31.8;35.6;26.7;94.5;78.6;102.3;60.6;60.4;36.7;9.2;10;10.6;15.2;7.2;4.4;;;56.6;;4.00;0.052;16.94;0.222;38.20;0.501;8.44;0.111;8.69;0.114;4.40;0.44;;;;;
396;05/04/2024;280;18;77;176.4;94.5;41.1;28.4;19.7;28.2;6.7;10.3;54.5;32;35.2;26.7;97.4;78.6;101.4;60.3;59.9;36.8;8.8;10;10.8;14.6;7.2;4.4;;;55.8;;4.00;0.052;16.79;0.217;39.48;0.510;8.47;0.109;8.69;0.112;4.54;0.43;Disminuir Masa Adiposa;2000;Se debe disminuir el porcentaje de tejido adiposo. Se debe disminuir el t. adiposo en 4 Kg;;
397;24/01/2024;618;16;75.7;185.3;87.4;41.3;29.4;24.3;28.5;7.2;10.3;56.2;29.8;32.7;25.8;98.4;79.4;94.7;55;54.6;35.8;5;7.2;7.2;14.6;4.6;3.8;;;42.4;;4.13;0.054;16.23;0.213;37.55;0.493;9.28;0.122;9.02;0.118;4.16;0.43;;;;;
398;09/02/2024;618;16;76.1;185.3;87.4;41.3;29.4;24.3;28.5;7.2;10.3;56.2;30;33.1;26.4;98.4;78.5;95.7;55.7;55.4;36.4;4.6;7.2;7.2;12.2;4.4;3.6;;;39.2;;4.13;0.054;15.59;0.203;38.65;0.504;9.26;0.121;9.02;0.118;4.28;0.40;;;;;
399;07/03/2024;618;16;75;185.3;87.4;41.3;29.4;24.3;28.5;7.2;10.3;56.2;30.3;33.2;26.4;100.4;79.5;96.6;56.4;55.4;36.4;4.4;6.8;7.2;10.8;4;2.8;;;36;;4.13;0.053;14.96;0.192;40.31;0.517;9.49;0.122;9.02;0.116;4.47;0.37;;;;;
400;05/04/2024;618;16;76.4;185.3;87.4;41.3;29.4;24.3;28.5;7.2;10.3;56.2;30.2;33.6;26.3;99.6;78.2;95.6;56;55.4;36.2;4.4;6.6;7.2;10;4.4;3.2;;;35.8;;4.13;0.054;14.92;0.194;39.47;0.514;9.32;0.121;9.02;0.117;4.38;0.38;Aumentar Masa Muscular;1000;El porcentaje de t adiposo puede elevarse como consecuencia de una m muscular dimisnuída. Obj final +2 Kg M.Muscular y -2 Kg t. adiposo.;;
401;03/01/2024;317;18;80.4;181.1;95.2;44.3;30.7;21.6;30.6;7.3;10.3;56.8;31.2;34.1;27.6;99;80.7;100.8;60.8;57.7;36.8;7.2;8.2;8.4;17.8;7.2;5.4;;;54.2;;4.13;0.050;17.58;0.211;41.14;0.495;9.52;0.115;10.76;0.129;3.82;0.43;;;;;
402;18/01/2024;317;18;80.4;181.1;95.2;44.3;30.7;21.6;30.6;7.3;10.3;56.8;30.6;34.4;27.6;100.9;79.7;100.6;60.9;58.9;37.1;7;8;8.8;12.8;6;5;;;47.6;;4.13;0.050;16.33;0.197;42.18;0.508;9.64;0.116;10.76;0.130;3.92;0.39;;;;;
403;20/02/2024;317;18;80.6;181.1;95.2;44.3;30.7;21.6;30.6;7.3;10.3;56.8;30.7;35.4;27.6;101.4;80.6;101.4;62.8;59.8;37.2;6.8;8;7.8;10.4;6.2;4.8;;;44;;4.13;0.049;15.64;0.187;43.36;0.517;9.96;0.119;10.76;0.128;4.03;0.36;;;;;
404;12/03/2024;317;18;80.9;181.1;95.2;44.3;30.7;21.6;30.6;7.3;10.3;56.8;30.5;35.3;27.5;101.3;81.4;100.6;62.3;59.3;36.9;7.2;8;8;11.2;6.4;5.4;;;46.2;;4.13;0.049;16.06;0.192;42.66;0.510;10.07;0.120;10.76;0.129;3.96;0.38;;;;;
405;05/04/2024;317;18;79.5;181.1;95.2;44.3;30.7;21.6;30.6;7.3;10.3;56.8;30.4;33.8;27.3;103.6;79.8;100.4;60.5;58.3;36.7;5.8;7.4;6;8.8;6;4;;;38;;4.13;0.050;14.50;0.176;43.19;0.524;9.90;0.120;10.76;0.130;4.01;0.34;Mantener Composición Corporal;0;El jugador mantiene una optima composición;;
406;02/01/2024;611;17;67.1;172;82.3;40.8;27.6;22.4;26;6.8;9.6;53.4;31.6;35.6;27.1;93.1;74.2;92.6;54.4;54.4;36.8;6;9.2;5.8;8;5.2;5.2;;;39.4;;3.73;0.055;12.99;0.192;35.55;0.524;7.85;0.116;7.71;0.114;4.61;0.37;;;;;
407;19/01/2024;611;17;69.6;172;82.3;40.8;27.6;22.4;26;6.8;9.6;53.4;32.3;36.7;27.3;95.8;75.6;92.9;55.6;55.4;37.6;6.2;6.8;5.4;6.6;5.2;3.2;;;33.4;;3.73;0.053;11.96;0.171;38.32;0.549;8.12;0.116;7.71;0.110;4.97;0.31;;;;;
408;16/02/2024;611;17;69;172;82.3;40.8;27.6;22.4;26;6.8;9.6;53.4;31.8;35.8;26.8;96.4;76.3;93.4;55.8;55.8;37.6;5.6;7;5.2;6.2;4.4;3.4;;;31.8;;3.73;0.054;11.68;0.168;38.37;0.550;8.24;0.118;7.71;0.111;4.98;0.30;;;;;
409;08/03/2024;611;17;69;172;82.3;40.8;27.6;22.4;26;6.8;9.6;53.4;31.6;35.8;26.5;94.9;75.9;94.4;55.4;55.4;37.4;5.2;5.6;5.2;6;4.2;3;;;29.2;;3.73;0.055;11.24;0.164;37.63;0.549;8.19;0.120;7.71;0.113;4.88;0.30;;;;;
410;05/04/2024;611;17;68.4;172;82.3;40.8;27.6;22.4;26;6.8;9.6;53.4;31.2;35.3;26.8;96.2;76.4;93.8;55.7;55.8;37.2;5;6.6;4;4.6;4.6;3;;;27.8;;3.73;0.054;11.00;0.160;38.00;0.553;8.33;0.121;7.71;0.112;4.93;0.29;Mantener Composición Corporal;0;El jugador mantiene una optima composición;;
411;02/02/2024;6;1;76.3;181;85;39.8;28.9;22.4;25.6;6.9;9.8;56.5;32;34.7;27.7;96.6;79.8;96.6;59.6;58.4;37.4;8.6;7.4;10.2;15.8;11;6.6;;;59.6;;3.97;0.051;18.59;0.238;39.42;0.504;8.72;0.111;7.51;0.096;5.25;0.47;;;;;
412;23/02/2024;6;1;76.3;182;85;39.8;28.9;22.4;25.6;6.9;9.8;56.5;32.3;34.3;28;97;78.2;97;59;58.3;37.3;7.6;7;9.6;12.8;9;4.4;;;50.4;;3.97;0.051;17.06;0.220;40.40;0.521;8.61;0.111;7.46;0.096;5.42;0.42;;;;;
413;08/03/2024;6;1;75.4;182;85;39.8;28.9;22.4;25.6;6.9;9.8;56.5;31.7;34.3;28;97;78.2;97.2;59.2;58.3;37.6;7.4;7;9.4;12.6;9;4.6;;;50;;3.97;0.051;16.99;0.219;40.35;0.521;8.62;0.111;7.46;0.096;5.41;0.42;;;;;
414;02/04/2024;6;1;71.8;182;85;39.8;28.9;22.4;25.6;6.9;9.8;56.5;31.4;33.4;27.5;96.4;75.4;94.8;57.9;56.2;36.8;5;6.2;8.2;10.4;7.6;4.8;;;42.2;;3.97;0.053;15.49;0.208;39.40;0.528;8.29;0.111;7.46;0.100;5.28;0.39;Disminuir Masa Adiposa;1000;Se debe disminuir el porcentaje de tejido adiposo. Obj Final -4 Kg;;
415;03/01/2024;312;17;80.6;173.6;95;40;31.7;21.1;29.3;7.2;10.1;59.5;32.2;34.8;28.4;103.2;85.7;100.8;59.3;59.6;38.9;8;9;8.4;10.2;10;5.8;;;51.4;;4.01;0.049;15.39;0.187;42.50;0.515;11.06;0.134;9.54;0.116;4.45;0.36;;;;;
416;19/01/2024;312;17;81.7;173.6;95;40;31.7;21.1;29.3;7.2;10.1;59.5;32.4;34.8;28.2;103.7;85.1;100.6;60.6;60.1;39.6;6.8;7.6;6.8;9.4;9;5.6;;;45.2;;4.01;0.048;14.31;0.173;44.01;0.531;10.99;0.133;9.54;0.115;4.61;0.33;;;;;
417;09/02/2024;312;17;80.1;173.6;95;40;31.7;21.1;29.3;7.2;10.1;59.5;32;34.7;28.3;102.8;83;101.1;59.5;59;39.3;6.6;6.8;6;8.8;8.6;5.2;;;42;;4.01;0.049;13.75;0.170;43.18;0.532;10.62;0.131;9.54;0.118;4.53;0.32;;;;;
418;08/03/2024;312;17;80;173.6;95;40;31.7;21.1;29.3;7.2;10.1;59.5;32.8;34.4;28.3;101.6;84.1;100.9;60;59.4;39;6;6.4;5.4;6.3;7.6;4.3;;;36;;4.01;0.050;12.70;0.157;43.47;0.539;10.98;0.136;9.54;0.118;4.56;0.29;;;;;
419;05/04/2024;312;17;79.6;173.6;95;40;31.7;21.1;29.3;7.2;10.1;59.5;32;34.4;28.1;102;82.8;100.4;58.7;58.2;38.9;5.8;6.4;5.4;6.4;7.8;5.2;;;37;;4.01;0.050;12.87;0.162;42.53;0.534;10.72;0.135;9.54;0.120;4.46;0.30;Mantener Composición Corporal;0;El jugador mantiene una optima composición;;
420;02/01/2024;274;1;80.7;188.6;101.2;43.1;29.6;20.8;30.4;6.85;10.4;56.5;33.1;35.8;27.2;100.2;81.8;99.9;58;57.4;36.6;8.8;8;6.6;7.6;8.2;4.4;;;43.6;;4.27;0.052;17.21;0.208;41.18;0.498;10.19;0.123;9.89;0.120;4.16;0.42;;;;;
421;19/01/2024;274;1;81.1;188.6;101.2;43.1;29.6;20.8;30.4;6.85;10.4;56.5;33.2;36;27.3;99.7;81.5;100.1;59.4;58.5;36.1;8.2;7.8;6;6.2;7;4.2;;;39.4;;4.27;0.052;16.34;0.198;41.80;0.507;10.22;0.124;9.89;0.120;4.23;0.39;;;;;
422;09/02/2024;274;1;80.3;188.6;101.2;43.1;29.6;20.8;30.4;6.85;10.4;56.5;32.6;36.4;27.3;100.3;80.4;100.1;59;58.2;36.3;8.2;7.8;5.4;6.4;6.4;5;;;39.2;;4.27;0.052;16.30;0.198;41.68;0.508;9.97;0.121;9.89;0.120;4.21;0.39;;;;;
423;07/03/2024;274;1;80.9;188.6;101.2;43.1;29.6;20.8;30.4;6.85;10.4;56.5;32.5;36.7;27.4;99.7;81.4;101;59.4;58.6;36.4;7;7.6;5.4;6.4;6;4;;;36.4;;4.27;0.052;15.72;0.191;42.05;0.512;10.19;0.124;9.89;0.120;4.25;0.37;;;;;
424;05/04/2024;274;1;80.2;188.6;101.2;43.1;29.6;20.8;30.4;6.85;10.4;56.5;32.3;36.6;27.4;100.6;81.2;100.6;58.7;58.6;36.1;6.6;7.2;4.8;5.8;6.6;4.4;;;35.4;;4.27;0.052;15.51;0.190;41.88;0.512;10.18;0.125;9.89;0.121;4.23;0.37;Aumentar Masa Muscular;2000;El porcentaje de tejido adiposo puede elevarse como consecuencia de una masa muscular dimisnuída en relación al peso corporal total. ;;
425;06/02/2024;275;16;74.2;176.2;93.6;40.25;29.5;19.6;26.7;6.8;9.7;56.3;29.9;32.2;26.9;96.2;75.2;96.4;57.5;56.8;37.6;6;9;9.2;9.4;10.2;6;;;49.8;;3.90;0.053;15.66;0.214;37.20;0.509;8.31;0.114;8.02;0.110;4.64;0.42;;;;;
426;23/02/2024;275;16;72.6;176.2;93.6;40.25;29.5;19.6;26.7;6.8;9.7;56.3;29.9;32.4;26.9;97.2;73.2;96.6;57.6;57;37.4;5.8;8;8;7.2;9.6;5.4;;;44;;3.90;0.054;14.62;0.202;37.90;0.523;8.06;0.111;8.02;0.111;4.73;0.39;;;;;
427;08/03/2024;275;16;73.1;176.2;93.6;40.25;29.5;19.6;26.7;6.8;9.7;56.3;29.7;32.6;27.2;96.4;73.6;97.2;57.6;56.8;37.4;5.6;8.2;7.8;7;8.6;5;;;42.2;;3.90;0.054;14.29;0.198;37.79;0.524;8.15;0.113;8.02;0.111;4.71;0.38;;;;;
428;02/04/2024;275;16;72.5;176.2;93.6;40.25;29.5;19.6;26.7;6.8;9.7;56.3;29.3;32.5;26.8;96.5;73.8;95.6;57;56.7;37.3;5.2;8.4;7.4;7;8.4;5;;;41.4;;3.90;0.054;14.15;0.198;37.25;0.521;8.18;0.114;8.02;0.112;4.65;0.38;Disminuir Masa Adiposa;1000;Se debe disminuir el porcentaje de t. adiposo. Obj final -2 Kg t. adiposo;;